1,21,1,MPUの高速化技術の一つであるスーパスカラの特徴として、適切なものはどれか。,同時に実行可能な複数の動作をまとめて一つの命令として実行する。,独立した複数の命令ストリームを用意し、これらの実行を切り替えながら行う。,パイプラインの深さを増すとともに、パイプラインピッチを短くして、平均命令実行時間を短縮する。,パイプラインを複数用意し、同時に複数の命令を実行する。,エ,;
2,21,2,同一メモリ上で転送するとき、転送元の開始アドレス、転送先の開始アドレス、方向フラグ及び転送語数をパラメタとして指定することでブロック転送が行えるCPUがある。図のようにアドレス1001から1004の内容をアドレス1003から1006に転送する場合、パラメタとして適切なものはどれか。ここで、転送は開始アドレスから1組ずつ行われ、方向フラグに0を指定するとアドレスの昇順に、1を指定するとアドレスの降順に転送を行うものとする。,,,,,エ,21-2;
3,21,3,コンピュータの命令実行順序として、適切なものはどれか。,オペランド読出し → 命令の解読 → 命令フェッチ → 命令の実行,オペランド読出し → 命令フェッチ → 命令の解読 → 命令の実行,命令フェッチ → オペランド読出し → 命令の解読 → 命令の実行,命令フェッチ → 命令の解読 → オペランド読出し → 命令の実行,エ,;
4,21,4,容量64kバイト、ブロックサイズ32バイトのキャッシュメモリをもつ32ビットMPUが主記憶から1Mバイトの32ビット整数型配列データを連続して読み出した。このとき、キャッシュメモリのミスヒット率は何％か。ここで、配列データ以外のデータはレジスタに割り当てられているものとし、kは2^10、Mは2^20を表す。,0.006,0.05,6.4,12.5,エ,;
5,21,5,バス幅が16ビット、メモリサイクルタイムが80ナノ秒で連続して動作できるメモリがある。このメモリのデータ転送速度は何Mバイト／秒か。ここで、Mは10^6を表す。,12.5,25,160,200,イ,;
6,21,6,組込みシステムで使用されるI2Cバスの特徴として、適切なものはどれか。,クロックとデータの2線式バスである。,シングルマスタバスである。,データ転送の最高速度は、12Mビット／秒である。,一つのバスに接続されるICは、最大15個と決められている。,ア,;
7,21,7,バスプロトコルに関する記述のうち、適切なものはどれか。,バスアービタがバスの調停を行い、調停の結果、使用権を取得した装置がバスを使用する。,バススレーブがアドレスを出力して、転送相手の装置とその装置内の転送対象を指定する。,バススレーブは、バスを使用したデータ転送が終了すると、各信号線の駆動を停止する。,バスマスタが、バスを時分割で使用するように調停を行うことによって、複数の装置がバスを使用できる。,ア,;
8,21,8,毎分6000回転、平均位置決め時間が20ミリ秒、1トラック当たりの記憶容量が20kバイトの磁気ディスク装置がある。1ブロック4kバイトのデータを1ブロック転送するのに要する平均アクセス時間は何ミリ秒か。ここで、磁気ディスクコントローラのオーバヘッドは無視できるものとする。,20,22,27,32,ウ,;
9,21,9,ホットスタンバイシステムにおいて、現用系に障害が発生して待機系に切り替わる契機として、最も適切な例はどれか。,現用系から待機系へ定期的に送信され、現用系が動作中であることを示すメッセージが途切れたとき,現用系の障害をオペレータが認識し、コンソール操作を行ったとき,待機系が現用系にたまった処理の残量を定期的に監視していて、残量が一定量を上回ったとき,待機系から現用系に定期的にロードされ実行される診断プログラムが、現用系の障害を検出したとき,ア,;
10,21,10,あるトランザクションの応答時間は、サーバ処理時間100ミリ秒、総回線伝送時間400ミリ秒及び端末処理時間500ミリ秒の合計から成る。この応答時間を最も短縮させる対策はどれか。ここで、オーバヘッドは無視するものとする。,サーバ処理時間を40％と総回線伝送時間を10％改善する。,サーバ処理時間を80％改善する。,総回線伝送時間を20％改善する。,端末処理時間を20％改善する。,エ,;
11,21,11,ファイルに対するアクセス制御を次の方式で実現するファイルシステムがある。このファイルシステムにおいて、所有者には読取り、書込み及び実行を許可し、所有者と同一グループ及びそのほかの利用者には、読取りと実行を許可し、書込みを禁止するビット表現はどれか。
[アクセス制御の方式]
（１）各ファイルに対して、次に示す9ビットの情報を用いて、所有者、所有者と同一グループ、そのほかの利用者に対して、それぞれ読取り、書込み及び実行の可否を指定する。
（２）”r”は、読取りの可否を、”w”は書込みの可否を、”x”は実行の可否を指定する。
（３）当該機能を許可する場合は”1”を指定する。,10010,111001001,111101101,111110110,ウ,21-11;
12,21,12,インサーキットエミュレータの説明として、最も適切なものはどれか。,MPU、I/O、メモリなどの各信号線にプローブを介して接続し、ソフトウェアやハードウェアのデバッグを行う。,MPUの代わりとしてボードに接続し、ソフトウェアやハードウェアのデバッグを行う。,ROMの代わりとしてボードに接続し、ソフトウェアのデバッグを行う。,組込みシステムのプログラムの一部に、デバッガの一部又は全部を組み込んで、ソフトウェアのデバッグを行う。,イ,;
13,21,13,オープンソースソフトウェアの特徴のうち、適切なものはどれか。,一定の条件の下で、ソースコードの変更を許可している。,使用分野及び利用者を制限して再配布できる。,著作権は、放棄されている。,無償で配布しなければならない。,ア,;
14,21,14,ディジタルシグナルプロセッサ（DSP）の特徴のうち、適切なものはどれか。,A/D変換及びD/A変換の機能を内蔵しているので、アナログ信号を制御するのに適している。,高速演算器を内臓しているので、大規模な数値計算に適している。,シリアル入出力ボードに誤り訂正機能を内蔵しているので、通信制御に適している。,積和演算、浮動小数点演算などの機能を内蔵しているので、ディジタルフィルタを実現するのに適している。,エ,;
15,21,15,センサが出力するアナログ電圧をマイコンに取り込むための構成として、適切なものはどれか。,,,,,ウ,21-15;
16,21,16,WAITが入らないときには4クロックでメモリアクセスするMPUがある。メモリアクセスが最も速い組合せはどれか。,,,,,エ,21-16;
17,21,17,複数のLANを接続するために用いる装置で、OSI基本参照モデルのデータリンク層のプロトコル情報に基づいてデータを中継する装置はどれか。,ゲートウェイ,ブリッジ,リピータ,ルータ,イ,;
18,21,18,TCP、UDPのポート番号を識別し、プライベートIPアドレスとグローバルIPアドレスとの対応関係を管理することによって、プライベートIPアドレスを使用するLANの複数の端末が、一つのグローバルIPアドレスを共有してインターネットにアクセスする仕組みはどれか。,IPスプーフィング,IPマルチキャスト,NAPT,NTP3,ウ,;
19,21,19,スパムメールの対策として、あて先ポート番号25番のメールに対しISPが実施するOP25Bの説明はどれか。,ISP管理外のネットワークからの受信メールのうち、スパムメールのシグネチャに該当するメールを遮断する。,動的IPアドレスを割り当てたネットワークからISP管理外のネットワークに直接送信されたメールを遮断する。,メール送信元のメールサーバについてDNSの逆引きができない場合、そのメールサーバからのメールを遮断する。,メール不正中継の脆弱性をもつメールサーバからの受信メールを遮断する。,イ,;
20,21,20,インターネットで公開するソフトウェアにディジタル署名を添付する目的はどれか。,ソフトウェアの作成者が保守責任者であることを告知する。,ソフトウェアの使用を特定の利用者に制限する。,ソフトウェアの著作権者が署名者であることを明示する。,ソフトウェアの内容が改ざんされていないことを確認できるようにする。,エ,;
21,21,21,フェールセーフの考えに基づいて設計したものはどれか。,RAID2を採用してハードディスクのMTBFが従来製品の2倍になるようにする。,乾電池のプラスとマイナスを逆にすると乾電池が入らないようにする。,交通管制システムが故障したときには、信号機に赤色が点灯するようにする。,ネットワークカードのコントローラを二重化しておき、故障したときには故障したコントローラを切り離して運用する。,ウ,;
22,21,22,事象駆動（イベントドリブン）プログラムの開発に際して行う事象応答分析の説明として、適切なものはどれか。,システム化の対象を実体と関連を用いてモデル化し、その構造を分析する。,システムの改善案を検討する場合などに、ある事象について思いつく様々な着想を図にまとめ、参加者がこれを基に別の視点に立った新しい発想を生み出す,発生した事象に対して、システムが応答する一連の動作を分析する。,四つの要素（データ、情報、機能及び条件）の相互関係を定義し、システムの機能を入力データ及び出力情報の両面から分析する。,ウ,;
23,21,23,ハードウェアの保守点検及び修理作業を実施するときに、運用管理者が実施すべき、事前又は事後の確認に関する説明のうち、適切なものはどれか。,システムが自動的に回復処置を行った障害については、障害前後のエラーログが残っているので、障害原因や対応処置の報告ではなく、ログの分析結果を確認する。,定期保守時の点検項目は事前に分かっているので、事前と事後の確認は省略できるが、作業の開始と終了については、保守作業者に確認する。,予防保守を遠隔保守方式で行う場合、遠隔地のシステムへの影響は出ないので、作業内容などの事前確認は行わず、事後に作業実施結果を確認する。,臨時保守の場合、事前に保守作業者が障害の発生状況を確認したことを確認し、事後に障害原因や作業実施結果を確認する。,エ,;
24,21,24,ソフトウェア開発のプロセスモデルのうち、開発サイクルを繰り返すことによって、システムの完成度を高めていくプロセスモデルはどれか。,RADモデル,ウォータフォールモデル,スパイラルモデル,プロトタイピングモデル,ウ,;
25,21,25,ソフトウェアを保守するときなどに利用される技術であるリバースエンジニアリングの説明はどれか。,ソースプログラムを解析してプログラム仕様書を作る。,ソースプログラムを探索して修正箇所や影響度を調べる。,ソースプログラムを見直して構造化プログラムに変換する。,ソースプログラムを分かりやすい表現に書き換える。,ア,;
26,22,1,反転増幅器はどれか。,,,,,ア,22-1;
27,22,2,すべての命令が5サイクルで完了するように設計された、パイプライン制御のコンピュータがある。20命令を実行するには何サイクル必要となるか。ここで、すべての命令は途中で停止することなく実行でき、1ステージは1サイクルで動作を完了するものとする。,20,21,24,25,ウ,;
28,22,3,DMAの説明として、適切なものはどれか。,CPUが磁気ディスクと主記憶とのデータの受渡しを行う転送方式である。,主記憶の入出力専用アドレス空間に入出力装置のレジスタを割り当てる方式である。,専用の制御回路が入出力装置や主記憶などの間のデータ転送を行う方式である。,複数の命令の実行ステージを部分的にオーバラップさせて同時に処理し、全体としての処理時間を短くする方式である。,ウ,;
29,22,4,表のインターバルタイマを用いて約20ミリ秒ごとにタイマ割込みを発生させたいとき、16ビットタイマコンペアレジスタに設定する値は10進数で幾つか。ここで、システムクロックは32MHzとする。,1,19,1999,19999,エ,22-4;
30,22,5,コンピュータの性能評価には、シミュレーションによって行う方法や解析的な方法などがある。シミュレーションによって行う方法の特徴はどれか。,解析的な方法よりも計算量が少なく、効率的に解が求まる。,解析的な方法よりも、乱数を用いることで高精度の解が得られる。,解析的に解が求められないモデルに対しても、数値的に解が求まる。,解析的に解が求められるモデルの確認に有効である。,ウ,;
31,22,6,コンピュータシステムにおいて、性能改善手法を適用した機能部分の全体に対する割合をR (0 ＜ R ＜1)、その部分の性能改善手法適用前に対する適用後の性能比をAとする。このとき、システム全体の性能改善手法適用前に対する適用後の性能比を表す式はどれか。,,,,,イ,22-6;
32,22,7,記憶管理におけるオーバレイ方式の記述として、適切なものはどれか。,セグメントをページに分割し、ページ単位に退避と読込みを行う。,退避したプログラムが再び必要になった場合は、それを主記憶に読み込む。,必要がなくなったセグメントの領域に、次に実行するセグメントが上書きされる。,優先度の高いプログラムを実行するために、優先度の低いプログラムを主記憶から追い出す。,ウ,;
33,22,8,主記憶管理に関する記述のうち、適切なものはどれか。,LRUアルゴリズムとは、主記憶中で最も早く主記憶にロードされたページをページアウトするアルゴリズムである。,仮想記憶とは、主記憶の容量以上の記憶空間を提供する機能である。,スラッシングを防ぐためには、システムの多重度を上げることが有効である。,デマンドページングとは、プログラムの実行時に必要な実効モジュールを動的にリンクすることである。,イ,;
34,22,9,NFS (Network File System) の特徴に関する記述のうち、適切なものはどれか。,Windowsサーバに構築されるデバイス共有システムであり、ファイル単位ではなく磁気ディスクイメージで処理を行うので、データのバックアップやリカバリを高速に行うことができる。,主にUNIXで利用されるファイル共有システムであり、離れた場所にあるコンピュータのファイルを、あたかも自分のコンピュータのファイルのように操作することができる。,ファイル共有用のサーバを構築する必要がなく、また、ファイルを複製することなく複数のパスから参照することができるので、磁気ディスクの有効利用や管理の手間を軽減できる。,補助記憶装置とコンピュータの間をファイバチャネルを用いた高速なネットワークで接続し、ブロック単位のデータ送受信を行うことができる。,イ,;
35,22,10,動的リンキングの機能はどれか。,プログラムの実行中に、主記憶を有効に利用するためにプログラムを再配置する。,プログラムの実行中に、必要になったモジュールを共用ライブラリやシステムライブラリからロードする。,プログラムの実行中に、読み込まれたページの論理アドレスを物理アドレスに変換する。,プログラムの実行に先立って、複数の目的プログラムを連携編集（リンケージエディット）する。,イ,;
36,22,11,GPLで公開されたOSSを使用するに当たって、ソースコードの公開義務が発生するのはどの場合か。,ソフトウェアの一部を改変し再配布する。,ソフトウェアのソースコードを入手する。,ソフトウェアを動作環境にインストールする。,動作環境にインストールしたソフトウェアを動作させる。,ア,;
37,22,12,図は二重積分方式A/D変換器によるA/D変換の信号波形を示している。図の波形B（破線）と比べた波形A（実線）を示す状態として、適切な組合せはどれか。,,,,,エ,22-12;
38,22,13,LED点灯回路の動作として、適切な組合せはどれか。,,,,,ウ,22-13;
39,22,14,図に示すPLLがロック状態の場合、出力周波数foutを基準周波数frefで表したものはどれか。ここで、分周器の分周比はNとする。,fref/N,N/fref,1/Nfref,Nfref,エ,22-14;
40,22,15,プログラムと定数をROMから読みだすために、アドレスバスとチップセレクト信号(CS)を図のように接続した。アドレスバスはA0がLSBである。このROMにアクセスできるメモリアドレスの範囲はどれか。ここで、解答群の数値は16進数で表記してある。,0000 ～ 1FFF,4000 ～ 7FFF,4000 ～ FFFF,C000 ～ FFFF,ウ,22-15;
41,22,16,アドレスバスとデータバスを共用するMPUにEPROMを接続するため、図の回路構成にする。この場合、ラッチ制御信号として、適切なものはどれか。ここで、ラッチ回路は、ラッチ制御信号がHレベルなら入力を通過させ、Lレベルになるとそれを保持するものとする。,,,,,ア,22-16;
42,22,17,回路の端子Xに図に示す幅5ミリ秒のパルス信号を入力したときに端子Yに現れる信号波形として、適切なものはどれか。ここで、RC回路の時定数τを約1ミリ秒、ゲート遅延はτに比べて十分に小さいものとする。,,,,,イ,22-17;
43,22,18,イーサネットのMACアドレスは何ビットか。,32,48,64,128,イ,;
44,22,19,暗号方式に関する説明のうち、適切なものはどれか。,共通鍵暗号方式で相手ごとに秘密の通信をする場合、通信相手が多くなるに従って、鍵管理の手間が増える。,共通鍵暗号方式では、送信側と受信側で異なった鍵を用いるので、鍵の機密性が高い。,公開鍵暗号方式で通信文を暗号化して内容を秘密にした通信をするときには、復号鍵を公開することによって、鍵管理の手間を減らす。,公開鍵暗号方式では、署名に用いる鍵を公開しても構わない。,ア,;
45,22,20,論理データモデル作成におけるトップダウンアプローチ、ボトムアップアプローチに関する記述として、適切なものはどれか。,トップダウンアプローチでは、新規システムの利用者要求だけに基づいて論理データモデルを作成するので、現状業務の分析は行えない。,トップダウンアプローチでもボトムアップアプローチでも、最終的な論理データモデルは正規化され、かつ、業務上の属性はすべて備えていなければならない。,トップダウンアプローチでもボトムアップアプローチでも、利用者が使用する現状の画面や帳票を素材として分析を行うのは同じである。,ボトムアップアプローチは現状業務の分析に用いるものであり、新規システムの設計ではトップダウンアプローチを使用する。,イ,;
46,22,21,モジュールの独立性を高めるには、モジュール結合度を弱くする必要がある。モジュール間の情報の受渡し方法のうち、モジュール結合度が最も弱いものはどれか。,共通域に定義したデータを、関係するモジュールが参照する。,制御パラメタを引数として渡し、モジュールの実行順序を制御する。,入出力に必要なデータ項目だけをモジュール間の引数として渡す。,必要なデータを外部宣言して共有する。,ウ,;
47,22,22,図は、デマルコの提唱による構造化技法を基本としたシステム開発プロジェクトのライフサイクルを表現したものである。図中のaに入れる適切なフェーズはどれか。,機能設計,構造化設計,プログラム設計,プロトタイピング,イ,22-22;
48,22,23,プリエンプティブな優先度ベーススケジューリングで動作する三つの周期タスクA、B、Cがある。タスクCが実行可能になってから完了するまでの時間は最大何ミリ秒か。,300,550,600,700,ウ,22-23;
49,22,24,実験計画法を利用したテストデータ作成方法として、適切なものはどれか。,効率よくテストするために、直交表を用いてテストデータを作成する。,データを、同じ特性をもつ幾つかのグループに分割し、各グループの境界値をテストデータとする。,データを、同じ特性をもつ幾つかのグループに分割し、各グループの代表値をテストデータとする。,入力と出力を洗い出し、その間の因果関係を一定の規約によってグラフ化し、このグラフから作成した決定表に基づいてテストデータを作成する。,ア,;
50,22,25,SOA (Service Oriented Architecture) の説明はどれか。,Webサービスを利用するためのインタフェースやプロトコルを規定したものである。,XMLを利用して、インターネット上に存在するWebサービスを検索できる仕組みである。,業務機能を提供するサービスを組み合わせることによって、システムを構築する考え方である。,サービス提供者と委託者との間でサービスの内容、範囲及び品質に対する要求水準を明確にして、あらかじめ合意を得ておくことである。,ウ,;
51,23,1,16ビットのダウンカウントのカウンタを用い、そのカウンタの値が0になると割込みを発生するハードウェアタイマがある。カウンタに初期値として10進数の150をセットしてタイマをスタートすると、最初の割込みが発生するまでの時間は何マイクロ秒か。ここで、タイマクロックは16MHzを32分周したものとする。,0.3,2,150,300,エ,;
52,23,2,セットアソシアティブ方式のキャッシュメモリを含めたメモリシステムの平均メモリアクセス時間を短縮するために行う対策のうち、ライト時のミスペナルティを増加させるものはどれか。,ウェイ数を増加させる。,エントリ数を増やす。,仮想アドレス変換時間をなくす。,ブロックサイズを大きくする。,エ,;
53,23,3,バスプロトコルに関する記述のうち、適切なものはどれか。,バスアービタがバスの調停を行い、調停の結果、使用権を取得した装置がバスを使用する。,バススレーブがアドレスを出力して、転送相手の装置とその装置内の転送対象を指定する。,バススレーブは、バスを使用したデータ転送が終了すると、各信号線の駆動を停止する。,バスマスタが、バスを時分割で使用するように調停を行うことによって、複数の装置がバスを使用できる。,ア,;
54,23,4,多重にハードウェア割込みが発生する組込みシステムにおけるISR（Interrupt Service Routing)の処理の説明のうち、適切なものはどれか。,ISR処理時間が長い順に高い割込み優先度を与えると、システム全体のリアルタイム応答性が向上する。,ISR処理中に、ほかの割込み要求を抑止する場合は、セマフォを用いる。,最大割込み処理時間は、すべてのISR処理時間の合計であり、最も優先度の高い割込みが発生してから、そのISR処理の完了までの時間に相当する。,低い優先度の割込みによるISR処理中に割込み禁止を行うと、その間に発生した高い優先度の割込みに対するISR応答時間は長くなる。,エ,;
55,23,5,1画素当たり24ビットのカラー情報をビデオメモリに記憶する場合、横1024画素、縦768画素の画面表示に必要なメモリ量は、約何Mバイトか。ここで、1Mバイトは10^6バイトとする。,0.8,2.4,6.3,18.9,イ,;
56,23,6,故障発生率が1.0×10^-6回／秒である機器10000台が稼働している。330時間経過後に、故障していない機器の平均台数に最も近いものはどれか。ここで、故障発生率は経過時間によらず一定で、故障した機器は修理しない。また、必要であれば、故障率をλ回／秒、稼働時間をt秒とする次の指数関数のグラフから値を読み取って、計算に使用してよい。,3000,5000,7000,9000,ア,23-6;
57,23,7,リアルタイムOSにおけるコンテキストの使用方法に関する記述のうち、適切なものはどれか。,アプリケーションタスクを、アプリケーションタスク共有のコンテキストで実行させる。,アプリケーションタスクを、カーネルのコンテキストで実行させる。,カーネルを、アプリケーションタスクのコンテキストで実行させる。,割込み処理を、割込み処理ごとのコンテキストで実行させる。,エ,;
58,23,8,タスクが発行するシステムコールと発行後の状態遷移先との組合せとして、起こり得るものはどれか。,,,,,ウ,23-8;
59,23,9,優先度に基づくプリエンプティブスケジューリングのリアルタイムOSを使用した組込みシステムで、入力装置及び出力装置にアクセスする二つのタスクX、Yがある。XはYより優先度が低く、Yが待ち状態となったときにXに処理が戻る。X、Yのアクセスを排他制御するために、入力装置及び出力装置それぞれに資源数1のセマフォを用意し、X、Yを図のように実装したとき、デッドロックが発生するのはXが処理中のどのタイミングでYが起床したときか。ここで、Yは起床するとαから処理を行うこととする。,A,B,C,D,イ,23-9;
60,23,10,ソフトウェア開発におけるリポジトリの説明はどれか。,開発を支援するために提供されるソフトウェア部品のデータベースのことである。,ソフトウェアの開発及び保守における設計情報やプログラムを一元的に管理するためのデータベースのことである。,ソフトウェアを開発するためのツールやデータモデルを格納するためのデータベースのことである。,リバースエンジニアリングを行うためのソースコード解析用ソフトウェアや解析結果を格納するためのデータベースのことである。,イ,;
61,23,11,OSS (Open Source Software)における、ディストリビュータの役割はどれか。,OSSやアプリケーションソフトを組み合わせて、パッケージにして提供する。,OSSを開発し、活動状況をWebで公開する。,OSSを稼働用のコンピュータにインストールし、動作確認を行う。,OSSを含むソフトウェアを利用したシステムの提案を行う。,ア,;
62,23,12,LSIの省電力制御技術であるパワーゲーティングの説明として、適切なものはどれか。,動作する必要のない回路ブロックに供給しているクロックを停止することによって、商品電力を減らす。,動作する必要のない回路ブロックへの電力供給を遮断することによって、リーク電流を減らす。,半導体製造プロセスの微細化によって生じるリーク電流を、プロセス技術の改良によって減らす。,複数の電圧の電源供給によって、動作周波数の低い回路ブロックには低い電源電圧を供給することで、動作時電力及びリーク電流を減らす。,イ,;
63,23,13,論理回路の入力A、Bに図の信号を与えたときのCの出力波形はどれか。,,,,,イ,23-13;
64,23,14,A/D変換に関する記述のうち、適切なものはどれか。,サンプリング周期が短いほど、高い周波数の信号まで変換できる。,ナイキスト周波数を超える入力信号は、ディジタルフィルタで補正することによって正しく変換できる。,入力信号よりもノイズの周波数が高い場合、ハイパスフィルタを用いることによって正しく変換できる。,変換時間が短いほど、高い分解能で変換できる。,ア,;
65,23,15,DCモータのPWM制御方法はどれか。,パルス周期によって、モータの回転角を制御する。,パルス数によって、モータの回転角を制御する。,パルス数によって、モータの回転数を制御する。,パルスのデューティ比によって、モータの回転数を制御する。,エ,;
66,23,16,マイコンの出力ポートに接続されたランプ回路を図に示す。ランプが点灯するのはどの場合か。,,,,,ア,23-16;
67,23,17,MPUがもつウェイト機能とレディ機能の使い方として、適切なものはどれか。,MPUとDMAコントローラとのバス調停を行う。,OSが実行すべきタスクがないときに、MPUをウェイト状態とする。,アクセス速度の遅いメモリにMPUを同期させる。,入出力装置の処理完了をMPUに知らせる。,ウ,;
68,23,18,TCP/IPネットワークで使用されるARPの説明として、適切なものはどれか。,IPアドレスからMACアドレスを得るためのプロトコル,IPアドレスからホスト名（ドメイン名）を得るためのプロトコル,MACアドレスからIPアドレスを得るためのプロトコル,ホスト名（ドメイン名）からIPアドレスを得るためのプロトコル,ア,;
69,23,19,ICカードの耐タンパ性を高める対策はどれか。,ICカードとICカードリーダとが非接触の状態で利用者を認証して、利用者の利便性を高めるようにする。,故障に備えてあらかじめ作成した予備のICカードを保管し、故障時に直ちに予備カードに交換して利用者がICカードを使い続けられるようにする。,信号の読出し用プロープの取付けを検出するとICチップ内の保存情報を消去する回路を設けて、ICチップ内の情報を容易に解析できないようにする。,退職者のICカードは業務システム側で利用を停止して、ほかの利用者が使用できないようにする。,ウ,;
70,23,20,図は、階層化されたDFDにおける、あるレベルのDFDの一部である。プロセス1を子プロセスに分割して詳細化したDFDのうち、適切なものはどれか。ここで、プロセス1の子プロセスは、プロセス1-1、1-2及び1-3と表す。,,,,,イ,23-20;
71,23,21,次のE-R図の解釈として、適切なものはどれか。ここで*　*は多対多の関連を表し、自己参照は除くものとする。,ある組織の親組織の数が、子組織の数より多い可能性がある。,すべての組織は必ず子組織をもつ。,組織は2段階の階層構造である。,組織はネットワーク構造になっていない。,ア,23-21;
72,23,22,マイコンのJTAGを利用したデバッガの説明として、適切なものはどれか。,RAMを擬似的にROMに見立ててプログラムをロードし、モニタプログラムがMPUに割込みをかけながらプログラムのデバッグを行う。,実機のマイコンを取り外し、マイコンのソケット部に当該マイコンをエミュレーションするプロセッサ及びソフトウェアが搭載されたICEを装着して、デバッグを行う。,ターゲットROMに、デバッグ対象プログラムを制御するプログラムを常駐させておき、PCと通信しながら、デバッグを行う。,マイコン自身にデバッグに必要となる機能が内蔵されており、それを外部から制御するための端子がある。この端子を利用してデバッグを行う。,エ,;
73,23,23,組込みシステムにおけるコデザインの説明として適切なものはどれか。,開発工程を分析、設計、開発、検証の工程に分け、検証から再度分析に戻り、この工程を繰り返すことで仕様を満たしていることを確認していく手法,上流工程段階で、ハードウェアとソフトウェアとの機能分担を協調シミュレーションによって十分検証することで、仕様を満たしていることを確認していく手法,ハードウェアとソフトウェアとの開発を独立に並行して行った後、両者を組み合わせて総合テストを行うことで、仕様を満たしていることを確認していく手法,要求定義、設計、制作、試験、保守の順序で開発を進め、各工程でそれぞれの成果物を確認し、前工程には戻らないことを前提に各工程を完了させていく手法,イ,;
74,23,24,プログラムの誤りの一つに、繰返し処理の判定条件としてA≧aとすべきところをA＞aとコーディングすることがある。このような誤りを見つけ出すために有効なテストケース設計技法はどれか。ここで、Aは変数、aは定数とする。,限界値分析,条件網羅,同値分割,分岐網羅,ア,;
75,23,25,CMMIを説明したものはどれか。,ソフトウェア開発組織及びプロジェクトのプロセスの成熟度を評価するためのモデルである。,ソフトウェア開発のプロセスモデルの一種である。,ソフトウェアを中心としたシステム開発及び取引のための共通フレームのことである。,プロジェクトの成熟度に応じてソフトウェア開発の手順を定義したモデルである。,ア,;
76,24,1,プロセッサの省電力技術の一つであるパワーゲーティングの説明として、適切なものはどれか。,仕事量に応じて、プロセッサへ供給する電源電圧やクロック周波数を変える。,動作していない回路ブロックへのクロックを停止する。,動作していない回路ブロックへの電源を遮断する。,マルチコアプロセッサにおいて、使用していないコアの消費電力枠を、動作しているコアに割り当てる。,ウ,;
77,24,2,同一メモリ上で転送するとき、転送元の開始アドレス、転送先の開始アドレス、方向フラグ及び転送語数をパラメタとして指定することでブロック転送ができるCPUがある。図のようにアドレス1001から1004の内容をアドレス1003から1006に転送するとき、パラメタとして適切なものはどれか。ここで、転送は開始アドレスから1語ずつ行われ、方向フラグに0を指定するとアドレスの昇順に、1を指定するとアドレスの降順に転送を行うものとする。,,,,,エ,24-2;
78,24,3,車載LANの規格の一つであるCAN（Controller Area Network)の説明として、適切なものはどれか。,信号チャネルが2チャネルあるので、片方のチャネルで障害があっても、もう一方のチャネルで通信を継続することができる。,ネットワーク内の一つのノードだけがマスタノードとなり、通信スケジュールを管理する。,ネットワークに接続されたノードに対し、決められたサイクルタイムで通信を行う。,ネットワークに接続されたノードに対し、優先度の高いデータフレームを送信するノードが優先的に通信を行う。,エ,;
79,24,4,I2C (Inter-Integrated Circuit)バスの特徴として、適切なものはどれか。,2線式のシリアルインタフェースで複数のデバイスを接続する。,4線式のシリアルインタフェースで複数のデバイスを接続する。,ハブを介して1対多のツリー型に接続する。,一つのチャネルに1台のデバイスを接続する。,ア,;
80,24,5,図のように3個の装置を並列と直列に組み合わせて構成したシステムがある。装置単体の稼働率と、システムの稼働率の関係を示したグラフはどれか。ここで、3個の装置の稼働率は、全て等しいものとする。,,,,,エ,24-5;
81,24,6,セマフォの基本操作であるP操作、V操作に関する記述のうち、適切なものはどれか。,P操作とV操作は交互に行わなければならない。,P操作は資源のロック、V操作は資源のアンロックを実現するのに使用できる。,P操作は事象の発生通知、V操作は事象の待合せに用いられる。,P操作はセマフォ変数の値を増加させ、V操作は減少させる。,イ,;
82,24,7,FIFOで処理されるメールボックスに関する操作で、タスクが待ち状態に遷移するものはどれか。,受信待ちをしているタスクが存在するメールボックスに対して受信要求をしたとき,受信待ちをしているタスクが存在するメールボックスに対して送信要求をしたとき,メッセージが存在するメールボックスに対して受信要求をしたとき,メッセージが存在するメールボックスに対して送信要求をしたとき,ア,;
83,24,8,デバイスドライバをアプリケーションタスクとして作成する場合の記述として、適切なものはどれか。,カーネルがデバイスに対するアクセスを統一的に管理できる。,カーネル内部のインタフェースに従って作成しなくてはならない。,通常のタスクと異なり、割込み処理をそのタスク内に定義する。,リクエスト処理部はシステムコールのサブルーチンとして実行される。,ウ,;
84,24,9,優先度に基づくプリエンプティブスケジューリングが行われる二つのタスクA、Bがある。優先度はAの方が高く、制約条件は表のとおりである。Bが実行中、割込みによってAに実行を移すとき、A、Bともにデッドラインを超えないためには、割込みハンドラを何マイクロ秒以内で処理する必要があるか。ここで、割込み発生から割込みハンドラが起動するまでの時間、及びタスク切替えによるオーバヘッドの時間は無視するものとする。,20,30,40,50,ア,24-9;
85,24,10,仮想記憶方式において、記憶保護を実現するために、階層的に保護レベルを設定し、自分の属する階層よりも高い階層へのアクセスを禁止するものはどれか。,ドメイン,ページキー,リング,割込み禁止,ウ,;
86,24,11,多重割込みを処理するリアルタイムOSの割込みハンドラ処理として、適切なものはどれか。,処理の中断を極力避けるために、先頭で一時的に割込みを可能にした後は割込み禁止状態で処理を行う。,先頭でタイマを設定し、一定期間は割込み禁止状態にして処理を行う。,タスクで行う処理を少なくするために、割込みに起因する多くのタスク処理も割込み可能状態にしたまま割込みハンドラの中で行う。,割込み禁止状態での処理を極力減らして、割込み可能状態で動作する。,エ,;
87,24,12,LED点灯回路の動作として、適切な組合せはどれか。,,,,,ウ,24-12;
88,24,13,PLLのブロック図中のa～cに入れるべき回路の組合せとして、適切なものはどれか。,,,,,イ,24-13;
89,24,14,PC又は組込み機器のクロックジェネレータにSSCG（Spread Spectrum Clock Generator)が用いられることがある。この効果として適切なものはどれか。,クロックからの放射ノイズの影響を低減する。,クロック周期の精度を上げる。,クロックのジッタを抑える。,クロックの波形を正弦波に近づけ高調波を減らす。,ア,;
90,24,15,スイッチのチャタリングを除去する方法のうち、スイッチの変化を最も遅延が少なく読み込めるのはどれか。,CR積分回路でスイッチ信号を受け、シュミットトリガ回路で整形する。,RSフリップフロップでスイッチ信号を受ける。,スイッチが接続された入力ポートの値を2回読み込んで判定する。,ディジタルフィルタで振動成分だけを除去する。,イ,;
91,24,16,エネルギーハーベスティング（環境発電）に用いられる熱電変換素子の説明として、適切なものはどれか。,自然光や人工光のエネルギーを、光起電力効果によって電気エネルギーに変換する。,ゼーベック効果によって、温度差から電気エネルギーを発生する。,素子に照射される赤外線エネルギーの変化を、焦電効果によって検出する。,ピエゾ効果によって、振動などの機械的エネルギーから電気エネルギーを発生する。,イ,;
92,24,17,マイコンを使用し、図に示す回路で8桁の7セグメントLEDを、ダイナミック駆動によって表示する場合、ポートの使い方として適切なものはどれか。ここで、各LEDはカソードコモンとする。,,,,,エ,24-17;
93,24,18,IPv4ネットワークにおけるICMPの機能として、適切なものはどれか。,MACアドレスだけが分かっているときにIPアドレスの解決を可能にする。,グローバルIPアドレスとプライベートIPアドレスを相互に変換する。,送信元ホストへ、IPパケットの送信エラー報告などの制御メッセージを通知する。,ネットワーク内のIPアドレスを一元管理し、クライアントに動的に割り当てる。,ウ,;
94,24,19,ISMS適合性評価制度における情報セキュリティ基本方針に関する記述のうち、適切なものはどれか。,重要な基本方針を定めた機密文書であり、社内の関係者以外の目に触れないようにする。,セキュリティの基本方針を述べたものであり、ビジネス環境や技術が変化しても変更してはならない。,情報セキュリティのための経営陣の方向性及び支持を規定する。,特定のシステムについてリスク分析を行い、そのセキュリティ対策とシステム運用の詳細を記述したものである。,ウ,;
95,24,20,問題解決に際し、状況把握、問題分析、決定分析、潜在的問題分析の四つの思考プロセスがある手法はどれか。,SWOT分析,ケプナートリゴー（KT法）,デルファイ法,ブレーンストーミング,イ,;
96,24,21,UML2.0で使用される表記法のうち、システムの動的な振舞いを記述するために有効なものの組はどれか。,オブジェクト図、クラス図,コミュニケーション図、パッケージ図,コンポーネント図、配置図,シーケンス図、状態マシン図,エ,;
97,24,22,（私の父：公務員）が”私の父は公務員である”というインスタンスとクラスの関係を表すとき、同じ関係となるものはどれか。,(俸給生活者：公務員）,（日本：国）,（私の父：私の母）,(私の部屋：私の家）,イ,;
98,24,23,リアルタイム構造化分析技法に関する記述として、適切なものはどれか。,DFDを用いて、現行の業務をモデル化する。,E-R図を用いて、管理すべきデータの構造を視覚的に表現する。,オブジェクト図を用いて、業務処理の内容を表現する。,変換図を用いて、制御とタイミングを表現する。,エ,;
99,24,24,MISRA-Cの説明として、適切なものはどれか。,可変長配列、複素数型などをサポートする、ISOが制定したC言語の規格,協調設計（コデザイン）でシステムをシミュレートするために使用する、C++を利用したシステム記述言語,車載システムの品質向上を目的に制定された、C言語実装法のガイドライン,スマートフォンの開発などに使用されている、オブジェクト指向の機能をもつC言語の上位互換言語,ウ,;
100,24,25,CMMIの目的として、最も適切なものはどれか。,各種のソフトウェア設計・開発技法を使って開発作業を自動化し、ソフトウェア開発の生産性の向上を図る。,製品やサービスについて、組織が開発と保守のプロセスを改善するのを助ける。,ソフトウェアライフサイクルを、主、支援及び組織に関する三つのライフサイクルプロセスに分けてアクティビティを定め、ソフトウェアプロセスの標準化を図る。,特定の購入者と製作者の間で授受されるソフトウェア製品の品質保証を行い、顧客満足度の向上を図る。,イ,;
101,25,1,ストアドプログラム方式のコンピュータの性能向上を妨げる要因のうち、フォンノイマンボトルネックと呼ばれているものはどれか。,記憶装置の容量,入出力装置のデータ転送能力,プロセッサと記憶装置との間のデータ転送能力,プロセッサの命令処理能力,ウ,;
102,25,2,全てのプロセッサから共有メモリへのメモリアクセス時間が同等なマルチプロセッサアーキテクチャはどれか。,COMA,NORA,NUMA,UMA,エ,;
103,25,3,主記憶へのアクセスを伴う演算命令を実行するとき、命令解読とオペランド読出しの間に行われる動作はどれか。,実効アドレス計算,入出力装置起動,分岐アドレス計算,割込み発生,ア,;
104,25,4,マルチコアプロセッサで用いられるスヌープキャッシュの説明として、適切なものはどれか。,各コアがそれぞれ独立のメモリ空間とキャッシュをもつことによって、コヒーレンシを保つ。,各コアが一つのキャッシュを共有することによって、コヒーレンシを保つ。,共有バスを介して、各コアのキャッシュが他コアのキャッシュの更新状態を管理し、コヒーレンシを保つ。,全てのキャッシュブロックを一元管理するディレクトリを用いて、キャッシュのコヒーレンシを保つ。,ウ,;
105,25,5,多重にハードウェア割込みが発生する組込みシステムにおけるISR（Interrupt Service Routine）の処理の説明のうち、適切なものはどれか。,ISR処理時間が長い順に高い割込み優先度を与えると、システム全体のリアルタイム応答性が向上する。,ISR処理中に、ほかの割込み要求を抑止する場合は、セマフォを用いる。,最大割込み処理時間は、すべてのISR処理時間の合計であり、最も優先度の高い割込みが発生してから、そのISR処理の完了までの時間に相当する。,低い優先度の割込みによるISR処理中に割込み禁止を行うと、その間に発生した高い優先度の割込みに対するISR応答時間は長くなる。,エ,;
106,25,6,ページング方式の仮想記憶において、ページフォールト発生時の動作状況が次の場合に、主記憶の平均アクセス時間が最も改善される対策はどれか。

[ページフォールト発生時の動作状況]
(1) 主記憶アクセス1回の時間は200ナノ秒である。
(2) 主記憶アクセス200万回に1回の割合でページフォールトが発生する。
(3) ページフォールト1回当たり600ミリ秒のオーバヘッドを伴う。,主記憶アクセス1回の時間を1/5に改善する。,主記憶アクセス1回の時間を1/8に改善する。ただし、ページフォールトの発生率は1.1倍となる。,ページフォールト1回当たりのオーバヘッドを1/3に改善する。,ページフォールトの発生率を1/2に改善する。,ウ,;
107,25,7,仮想記憶システムにおいて、ページ置換えアルゴリズムとしてFIFOを採用して、仮想ページ参照列1、4、2、4、1、3を3ページ枠の実記憶に割り当てて処理を行った。表の割当てステップ3までは、仮想ページ参照列中の最初の1、4、2をそれぞれ実記憶に割り当てた直後の実記憶ページの状態を示している。残りを全て参照した直後の実記憶ページの状態を示す太枠部分に該当するものはどれか。,,,,,ウ,25-7;
108,25,8,リアルタイムOSで用いられる、タスクがデッドラインを必ず守るデッドラインスケジューリングでは、周期タスクを図のように次の四つのパラメタr、C、D、T(0＜r+C≦D≦T)の組みで表現することができる。
二つのタスクX、Yをr = 0、D = Tという条件下で生成した場合、スケジュールが可能となるC、Dの組合せはどれか。ここで、タスクはX、Yの順に起動され、優先度はXの方が高い。また、スケジューリングはプリエンプティブ方式であり、OSのオーバヘッドは考慮しない。,,,,,イ,25-8;
109,25,9,JavaEE（Java Platform、Enterprise Edition）の構成要素の一つはどれか。,EAI,JavaScript,Servlet,UDDI,ウ,;
110,25,10,ディスク領域の管理法のうち、索引方式に関する説明として、適切なものはどれか。,1ブロックを1ビットに対応させ、そのブロックが空きか使用中かを0か1で示す方式である。,ファイル名と先頭クラスタ番号をディレクトリで対応させ、各クラスタには次のクラスタの番号を格納する方式である。,ファイルを構成するブロックの位置情報を記録した表をもつ方式である。,ファイルを構成するブロックを先頭から順にポインタでつなぐ方式である。,ウ,;
111,25,11,開発ツールの機能の説明のうち、適切なものはどれか。,インスペクタは、プログラム実行時にデータの内容を表示する。,シミュレータは、プログラム内又はプログラム間の実行経路を表示する。,トレーサは、プログラム単位の機能説明やデータ定義の探索を容易にする。,ブラウザは、文字の挿入、削除、置換などの機能によってプログラムのソースコードを編集する。,ア,;
112,25,12,図に示すPLLがロック状態の場合、出力周波数foutを基準周波数frefで表したものはどれか。ここで、分周器の分周比はNとする。,fref/N,N/fref,1/Nfref,Nfref,エ,25-12;
113,25,13,TSV (Throgh-Silicon Via)を用いた半導体チップの3次元実装技術の説明として、適切なものはどれか。,積層した半導体チップ同士を貫通電極で接続する。,積層した半導体チップ同士をボンディングワイヤで接続する。,絶縁膜上に形成した単結晶シリコンを基板とする。,チップと同程度のサイズでパッケージに封入する。,ア,;
114,25,14,位置決めセンサに用いるインクリメンタルエンコーダの特徴はどれか。,回転方向を知るために出力信号が2相になっている。,機械的位置の絶対値をアナログ値で出力する。,機械的位置の変化量をアナログ値で出力する。,内部に機械的位置の絶対値を保持する機能を備えている。,ア,;
115,25,15,TTLレベルの2入力AND回路を3入力AND回路にするために、入力部に回路を追加した。3入力AND回路として適切なものはどれか。,,,,,ウ,25-15;
116,25,16,マイコンに供給するクロックとシリアル通信ポートに使用するクロックを共用するマイコンシステムがある。クロックを2n分の1に分周するだけで57.6kビット／秒の通信速度を得るためには、マイコンに供給するクロックを何MHzにするのが最も適切か。ここで、シリアル通信ポートのクロックの精度は5％以内に収まればよいものとする。,52,60,66,72,イ,25-16;
117,25,17,論理回路の出力にハザードが発生する原因として、適切なものはどれか。,インピーダンスの不整合による反射,接点のオン、オフで発生する機械振動,素子及び配線の遅延時間のばらつき,並行する信号間で起こる静電誘導,ウ,;
118,25,18,IPアドレスが172.20.100.52/26のときのサブネットマスクはどれか。,255.255.255.0,255.255.255.64,255.255.255.128,255.255.255.192,エ,;
119,25,19,暗号方式のうち、共通鍵暗号方式はどれか。,AES,EIGamal暗号,RSA,楕円曲線暗号,ア,;
120,25,20,論理データモデル作成におけるトップダウンアプローチ、ボトムアップアプローチに関する記述のうち、適切なものはどれか。,トップダウンアプローチでは、新規システムの利用者要求だけに基づいて論理データモデルを作成するので、現状業務の分析は行えない。,トップダウンアプローチでもボトムアップアプローチでも、最終的な論理データモデルは正規化され、かつ、業務上の属性はすべて備えていなければならない。,トップダウンアプローチでもボトムアップアプローチでも、利用者が使用する現状の画面や帳票を素材として分析を行うのは同じである。,ボトムアップアプローチは現状業務の分析に用いるものであり、新規システムの設計ではトップダウンアプローチを使用する。,イ,;
121,25,21,プログラムの誤りの一つに、繰返し処理の終了条件としてA≧aとすべきところをA＞aとコーディングすることがある。このような誤りを見つけ出すために有効なテストケース設計技法はどれか。ここで、Aは変数、aは定数とする。,限界値分析,条件網羅,同値分割,分岐網羅,ア,;
122,25,22,JIS X 0180 では、組込みシステムのソフトウェアコード品質を信頼性、保守性、移植性及び効率性の四つの品質特性に分類して作法を定めている。作法に基づいて作成した組込みシステム開発プロジェクトのコーディング規約のうち、信頼性を意識したものとして適切なものはどれか。ここで、信頼性とはソフトウェアとしての誤った動作をしない、誤動作をしてもソフトウェア全体及びシステム全体の機能動作に影響を及ぼさない、誤作動が発生しても正常動作に速やかに復帰できる性質を指す。,1か所だけから呼び出されるサブルーチンは、インライン展開されるサブルーチンとして記述すること,ハードウェアレジスタから読み出した値を除数として除算を行う前に、値が0でないことを必ず確認すること,ハードウェアレジスタのビット位置を、言語処理系に依存した記法を用いて定義しないこと,ハードウェアレジスタへの設定値のうち、ハードウェアの仕様変更によって値の変更が予想される数値は、コード上に直接数値を記述せずに必ずマクロ表記を用いること,イ,;
123,25,23,図のような階層構造で設計及び実装した組込みシステムがある。このシステムの開発プロジェクトにおいて、ハードウェア及びデバイスドライバ層の単体テスト工程が遅延し、アプリケーション層とミドルウェア層の単体テストが先に終了した。このとき、ソフトウェア結合のテスト方法として適切なものはどれか。,サンドイッチテスト,トップダウンテスト,ビッグバンテスト,ボトムアップテスト,イ,25-23;
124,25,24,共通フレーム2007における妥当性確認プロセスの活動はどれか。,コードが、設計及び要求事項に対して追跡可能であり、要求事項に適合していることを確認する。,代表利用者がソフトウェア製品を使用し、意図した業務が達成できることを確認する。,ハードウェア品目、ソフトウェア品目、手作業が完全かつ正確にシステムとして結合されていることを確認する。,プロジェクトに対して選択されたプロセスが適切で、契約に整合していることを確認する。,イ,;
125,25,25,アジャイルソフトウェア開発などで導入されているペアプログラミングの説明はどれか。,開発工程の初期段階に要求仕様を確認するために、プログラマと利用者がペアとなり、試作した画面や帳票を見て、相談しながらプログラムの開発を行う。,効率よく開発するために、2人のプログラマがペアとなり、メインプログラムとサブプログラムを分担して開発を行う。,短期間で開発するために、2人のプログラマがペアとなり、作業と休憩を交代しながら長期間にわたって連続でプログラムの開発を行う。,品質の向上や知識の共有を図るために、2人のプログラマがペアとなり、その場で相談したりレビューしたりしながら、一つのプログラムの開発を行う。,エ,;
126,26,1,パイプライン制御の特徴はどれか。,複数の命令を同時に実行するために、コンパイラが目的プログラムを生成する段階で、それぞれの命令がどの演算器を使うかをあらかじめ割り振る。,命令が実行される段階で、どの演算器を使うかを動的に決めながら、複数の命令を同時に実行する。,命令の処理をプロセッサ内で複数のステージに細分化し、複数の命令を並列に実行する。,命令を更に細かなマイクロ命令の組合せで実行する。,ウ,;
127,26,2,外部記憶をもたない組込みシステムにおけるMMU (Memory Management Unit) の活用法として、適切なものはどれか。,CPUを介さずにメモリ間データ転送を行うことによって、処理速度を向上させる。,仮想アドレスで主記憶を管理することによって、実装されている物理メモリの容量を超えるメモリ割当てを要求されてもプログラムの動作を継続させる。,入出力レジスタの値をキャッシュすることによって、ハードウェアアクセスを高速化する。,プログラムのメモリ領域へのアクセス権限を設定することによって、不正なメモリアクセスを防止する。,エ,;
128,26,3,磁気ディスク装置と比較したときのフラッシュメモリを用いたSSD (Solid State Drive) の特徴として、適切なものはどれか。,書換え可能回数が多い。,耐衝撃性が低い。,発熱量が大きい。,ランダム読出しが速い。,エ,;
129,26,4,L1、L2の2レベルで構成されるインクルージョンキャッシュの説明として、適切なものはどれか。,L1に格納されている全てのデータはL2にも格納されている。,L1にデータを読み込んだとき、L2にあったデータは削除される。,L1にデータを読み込んだときにL1から追い出されたデータはL2に格納される。,L1には命令語が、L2には演算データだけが格納される。,ア,;
130,26,5,I2C (Inter-Integrated Circuit) バスの特徴として、適切なものはどれか。,2線式のシリアルインタフェースで複数のデバイスを接続する。,4線式のシリアルインタフェースで複数のデバイスを接続する。,低電圧差動伝送を採用して高速化したシリアルインタフェースである。,複数のレーンを束ねることによって高速化したシリアルインタフェースである。,ア,;
131,26,6,コンピュータシステムにおいて、性能改善手法を適用した機能部分の全体に対する割合をR (0,,,,,イ,26-6;
132,26,7,二つのタスクが共用する二つの資源を排他的に使用するとき、デッドロックが発生するおそれがある。このデッドロックの発生を防ぐ方法はどれか。,一方のタスクの優先度を高くする。,資源獲得の順序を両方のタスクで同じにする。,資源獲得の順序を両方のタスクで逆にする。,両方のタスクの優先度を同じにする。,イ,;
133,26,8,ページング方式の仮想記憶において、あるプロセスが仮想アドレス空間全体に対応したページテーブルをもつ場合、ページテーブルに必要な領域の大きさを2^xバイトで表すとすると、xを表す式はどれか。ここで、仮想アドレス空間の大きさは2^Lバイト、ページサイズは2^Nバイト、ページテーブルの各エントリの大きさは2^Eバイトとし、その他の情報については考慮しないものとする。,L + N + E,L + N - E,L - N + E,L - N - E,ウ,;
134,26,9,CPU時間を多く必要とするタスクAと、入出力処理が多くCPU時間をほとんど必要としないタスクBで構成されているシステムがある。このシステムのスループットを高くする方法として、適切なものはどれか。,タスクAとタスクBの優先度を同じにして、一定時間感覚ごとに処理を切り替えることによって平等に処理する。,タスクAとタスクBの優先度を同じにして、先に開始したタスクが終了後に別のタスクを処理する。,タスクAの優先度を高くして、タスクAを優先して処理する。,タスクBの優先度を高くして、タスクBを優先して処理する。,エ,;
135,26,10,コンパイラによる最適化において、オブジェクトコードの所要記憶容量が削減できるものはどれか。,関数のインライン展開,定数の畳込み,ループ内不変式の移動,ループのアンローリング,イ,;
136,26,11,OSS (Open Source Software) における、ディストリビュータの役割はどれか。,OSSやアプリケーションソフトを組み合わせて、パッケージにして提供する。,OSSを開発し、活動状況をWebで公開する。,OSSを稼働用のコンピュータにインストールし、動作確認を行う。,OSSを含むソフトウェアを利用したシステムの提案を行う。,ア,;
137,26,12,アドレス線が10本で、1Mワードの容量をもつDRAMがある。リフレッシュのためにDRAM内の全ROWアドレスを51.2ミリ秒の間に少なくとも1回は選択する必要がある。このときの平均リフレッシュ周期は何マイクロ秒か。,0.049,12.8,50,2560,ウ,;
138,26,13,MPUがもつウェイト機能及びレディ機能の使い方として、適切なものはどれか。,MPUとDMAコントローラとのバス調停を行う。,OSが実行すべきタスクがないときに、MPUをウェイト状態とする。,アクセス速度の遅いメモリにMPUを同期させる。,入出力装置の処理完了をMPUに知らせる。,ウ,;
139,26,14,PWM (パルス幅変調) で変調された信号をアナログ電圧として復調する回路はどれか。,,,,,ア,26-14;
140,26,15,表のインターバルタイマを用いて約20ミリ秒ごとにタイマ割込みを発生させたいとき、16ビットタイマコンペアレジスタに設定する値は10進数で幾つか。ここで、システムロックは32MHzとする。,1,19,1999,19999,エ,26-15;
141,26,16,NFC (Near Field Communication) の説明として、適切なものはどれか。,静電容量式のタッチセンサで、位置情報を検出するために用いられる。,接触式ICカードの通信方法として利用される。,通信距離が最大10m程度である。,ピアツーピアで通信する機能を備えている。,エ,;
142,26,17,操作に不慣れな人も利用するシステムでは、間違ったデータが入力されることが想定される。誤入力が発生しても、プログラムやシステムを異常終了させずに、エラーメッセージを表示して次の操作を促すような設計を何というか。,フールプルーフ,フェールセーフ,フェールソフト,フォールトトレランス,ア,;
143,26,18,並列に動作する事象間の同期を表現することが可能な、ソフトウェアの要求モデルはどれか。,E-Rモデル,データフローモデル,ペトリネットモデル,有限状態機械モデル,ウ,;
144,26,19,ハードウェアとソフトウェアとの協調設計（コデザイン）の説明として、適切なものはどれか。,検証なしでハードウェアとソフトウェアとの切り分けを行い、それぞれ設計を並行して行ってから、完成時に結合テストを行う。,上流設計までハードウェアとソフトウェアとを切り分けずに統一的に設計する。,ハードウェア設計及びソフトウェア設計のステップを細分化し、ステップごとに結合テストを行って検証する。,ハードウェアとソフトウェアとの分担をシミュレーションで検証してから、ハードウェアとソフトウェアの切り分けを行う。,エ,;
145,26,20,エラー埋込み法では、検出したエラー数を測定することによって、その時点での埋込みエラー数を除いた潜在エラー数Tを推定することができる。
Tを求める次の計算式の変数A、B、Cに対応する項目の適切な組合せはどれか。

総エラー数 = A × B / C
T = 総エラー数 - A - (B - C),,,,,イ,26-20;
146,26,21,共通フレームにおける、システム適格性確認テストで確認する内容を明確にするアクティビティはどれか。,システム方式設計,システム要件定義,ソフトウェア方式設計,ソフトウェア要件定義,イ,;
147,26,22,組込みソフトウェアなどの設計にも有効な技法であって、システムをプラットフォームに依存する部分と依存しない部分とに分けてモデル化することを特徴とする技法はどれか。,CSM,MDA,OMT,UML,イ,;
148,26,23,サーバの負荷分散に使われるDNSラウンドロビンに関する記述のうち、適切なものはどれか。,DNSにおいて、一つのIPアドレスに対して複数のサーバ名を割り当てることによって実現する。,DNSにおいて、一つのサーバ名に対して複数のサーバのIPアドレスを割り当てることによって実現する。,接続先サーバがダウンしている場合は、DNSがサーバのダウンを検知して、他のサーバに接続先を変える。,接続先サーバの負荷の状況によって、DNSが接続先を変えることができる。,イ,;
149,26,24,SSLに関する記述のうち、適切なものはどれか。,SSLで使用するWebサーバのディジタル証明書にはIPアドレスの組込みが必須なので、WebサーバのIPアドレスを変更する場合は、ディジタル証明書を再度取得する必要がある。,SSLで使用する個人認証用のディジタル証明書は、ICカードなどに格納できるので、格納場所を特定のPCに限定する必要はない。,SSLはWebサーバを経由した特定の利用者間の通信のために開発されたプロトコルであり、Webサーバ提供者への事前の利用者登録が不可欠である。,日本国内では、SSLで使用する共通鍵の長さは、128ビット未満に制限されている。,イ,;
150,26,25,ICカードの耐タンパ性を高める対策はどれか。,ICカードとICカードリーダとが非接触の状態で利用者を認証して、利用者の利便性を高めるようにする。,故障に備えてあらかじめ作成した予備のICカードを保管し、故障時に直ちに呼びカードに交換して利用者がICカードを使い続けられるようにする。,信号の読出し用プローブの取付けを検出するとICチップ内の保存情報を消去する回路を設けて、ICチップ内の情報を容易に解析できないようにする。,退職者のICカードは業務システム側で利用を停止して、他の利用者が使用できないようにする。,ウ,;
151,27,1,内部割込みの要因として、適切なものはどれか。,DMA転送が完了した。,インターバルタイマが満了した。,演算がオーバフローした。,電源電圧の低下を検出した。,ウ,;
152,27,2,キャッシュメモリに関する記述のうち、適切なものはどれか。,キャッシュメモリの最適容量は、プログラムサイズから求めることができる。,キャッシュメモリの最適容量は、プロセッサの演算速度と主記憶容量から求める,キャッシュメモリのヒット率は、キャッシュメモリの容量とほぼ正比例の関係にある。,キャッシュメモリのヒット率は、プログラムの構造によって変化する。,エ,;
153,27,3,組込みシステムで使用されるI2Cバスの特徴として、適切なものはどれか。,クロックとデータの2線式バスである。,シングルマスタバスである。,データ転送の最高速度は、12Mビット／秒である。,一つのバスに接続されるICは、最大15個と決められている。,ア,;
154,27,4,RAIDの分類において、ミラーリングを用いることで信頼性を高め、生涯発生時には冗長ディスクを用いてデータ復元を行う方式はどれか。,RAID1,RAID2,RAID3,RAID4,ア,;
155,27,5,ZigBeeの説明として、適切なものはどれか。,携帯電話などのモバイル端末とヘッドセットなどの周辺機器とを接続するための近距離の無線通信として使われる。,赤外線を利用して実現される無線通信であり、テレビ、エアコンなどのリモコン、携帯電話間のデータ通信などに使われる。,低消費電力で低速の通信を行い、センサネットワークとして使われる,連絡用、業務用などに利用される小型の携帯型トランシーバに使われる。,ウ,;
156,27,6,信頼性ブロック図の説明として、適切なものはどれか。,システムで発生する欠陥数の累計を時系列に示したものであり、その傾向から将来の欠陥数を指定することができる。,システムを構成する各要素の故障が、システム全体へ影響するかどうかを示したものである。,信頼性又は安全性の面から、発生が好ましくない事象について、その発生経路、発生原因及び発生確率をフォールトの木として示したものである。,設計の不完全性及び潜在的な欠陥を見いだすために、構成要素の故障モードとその上位アイテムへの影響を示したものである。,イ,;
157,27,7,優先度に基づくスケジューリングを行うリアルタイムOSを用いたシステムで、タスクの状態遷移を計測したところ、図の結果を得た。タスクが待ち、実行可能、実行の三つの状態をもつとき、(A)、(B)、(C)に当てはまるタスクの状態の組合せとして、適切なものはどれか。,,,,,エ,27-7;
158,27,8,ページング方式の仮想記憶において、ページ置換えアルゴリズムにLRU方式を採用した場合、ページの参照順序が1、2、3、2、3、1、4、2、4、3、1であるプログラムを実行するとき、ページの読込みは何回発生するか。ここで、主記憶のページ枠は3で、初期状態では主記憶にどのページも存在しないものとする。,4,5,6,7,エ,;
159,27,9,多重割込みを処理するリアルタイムOSの割込みハンドラの説明として、適切なものはどれか。,処理の中断を極力避けるために、先頭で一時的に割込みを可能にした後は割込み禁止状態で処理を行う。,先頭でタイマを設定し、一定期間は割込み禁止状態にして処理を行う。,タスクで行う処理を少なくするために、割込みに起因する多くの処理は割込み可能状態にしたまま、割込みハンドラの中で行う。,割込み禁止状態での処理を極力減らして、割込み可能状態で動作する。,エ,;
160,27,10,優先度に基づくプリエンプティブなスケジューリングで動作する、二つの周期タスクA、Bがある。AはBよりも優先度が高く、周期は2ミリ秒、実行時間は1ミリ秒である。Bの周期が10ミリ秒のとき、1周期中に実行を完了できるBの実行時間は最大何ミリ秒か。ここで、A、B以外のタスクはなく、タスク切替えによるオーバヘッドはないものとする。,3,5,7,9,イ,;
161,27,11,サーバでの実行を前提とした、オブジェクト指向技術に基づいたコンポーネントソフトウェアの仕様はどれか。,EAI (Enterprise Application Integration),EJB (Enterprise JavaBeans),ERP (Enterprise Resource Planning),UML (Unified Modeling Language),イ,;
162,27,12,DCモータにおけるPWM制御方法はどれか。,パルス周期によって、モータの回転角を制御する。,パルス数によって、モータの回転角を制御する。,パルス数によって、モータの回転数を制御する。,パルスのデューティ比によって、モータの回転数を制御する。,エ,;
163,27,13,図に示すPLLがロック状態の場合、出力周波数foutを基準周波数frefで表したものはどれか。ここで、分周期の分周比はNとする。,fref/N,N/fref,1/Nfref,Nfref,エ,27-13;
164,27,14,プログラムと定数をROMから読み出すために、アドレスバスとチップセレクト信号(CS)を図のように接続した。アドレスバスはA0がLSBである。このROMにアクセスできるメモリアドレスの範囲はどれか。ここで、解答群の数値は16進数で表記してある。,0000 〜 1FFFF,4000 〜 7FFF,4000 〜 FFFF,C000 〜 FFFF,ウ,27-14;
165,27,15,マイコンに供給するクロックとシリアル通信ポートに使用するクロックを共用するマイコンシステムがある。クロックを2n分の1に分周するだけで57.6kビット／秒の通信速度を得るためには、マイコンに供給するクロックを何MHzにするのが最も適切か。ここで、シリアル通信ポートのクロックの精度は5%以内に収まればよいものとする。,52,60,66,72,イ,27-15;
166,27,16,図に示す反転増幅器の電圧ゲインはどれか。ここで、図の演算増幅器は理想的な演算増幅器とする。,-(1+R1/R3),-(1+R2/R1),-R2/(R1+R3),-R2/R1,エ,27-16;
167,27,17,PPPの説明として、適切なものはどれか。,電子メールのメッセージ交換を行う簡易メール転送プロトコルである。,認証機能や圧縮機能をもち、2点間を接続する通信プロトコルである。,ネットワーク間のファイル転送をTCP上で行うプロトコルである。,ネットワーク内のIPアドレスを一元管理し、動的にIPアドレスを割り当てるプロトコルである。,イ,;
168,27,18,共通鍵暗号方式において、100人の送受信者のそれぞれが、相互に暗号化通信を行うときに必要な共通鍵の総数は幾つか。,200,4950,9900,10000,イ,;
169,27,19,テンペスト技術の説明とその対策として、適切なものはどれか。,ディスプレイなどから放射される電磁波を傍受し、表示内容などを盗み見る技術であり、その対策としては、電磁波を遮断する。,データ通信の途中でパケットを横取りし、内容を改ざんする技術であり、その対策としては、ディジタル署名を利用して改ざんを検知する。,マクロウイルスにおいて使われる技術であり、その対策としては、ウイルス対策ソフトを導入し、最新の定義ファイルを適用する。,無線LANの信号を傍受し、通信内容を解析する技術であり、その対策としては、通信パケットを暗号化する。,ア,;
170,27,20,共通フレームによれば、システム要件の評価タスクにおいて見極めることはどれか。,システム要件とシステム方式との間に一貫性があるかどうか。,システム要件とシステム方式との関連が追跡できるかどうか。,システム要件を満たすシステム方式設計が実現可能かどうか。,ソフトウェア品目が割り当てられたシステム要件を満たすかどうか。,ウ,;
171,27,21,マイコンのJTAGを利用したデバッグ手法の説明として、適切なものはどれか。,ROMにデバッグ対象プログラムを制御するプログラムを格納させておき、PCと当該ROMが搭載されているボードとをシリアル通信で接続して、デバッグを行う。,ROMをモニタプログラム内蔵のRAMに置き換え、デバッグ対象プログラムが格納されたROMを模擬しながらデバッグを行う。,ボード上のマイコン用のICソケットに当該マイコンを模擬する装置を接続して、デバッグを行う。,マイコンの端子を通して、外部からマイコン内蔵のデバッグ支援機能を操作し、デバッグを行う。,エ,;
172,27,22,MISRA-Cの説明として、適切なものはどれか。,オブジェクト指向の機能をもち、スマートフォンの開発などの使用されている、C言語の上位互換言語,可変長配列、複素数型などをサポートする、ISOが制定したC言語の規格,協調設計(コデザイン)でシステムをエミュレートするために使用する、C++を利用したシステム記述言語,車載システムの品質向上を目的に制定された、C言語実装法のガイドライン,エ,;
173,27,23,データが昇順に並ぶようにリストへデータを挿入するサブルーチンを作成した。このサブルーチンのテストに用いるデータの組合せのうち、網羅性の観点から適切なものはどれか。ここで、データは左側から順にサブルーチンへ入力する。,1、3、2、4,3、1、4、2,3、4、2、1,4、3、2、1,イ,;
174,27,24,問題を引き起こしそうなデータを大量に入力して、そのときの応答や挙動を監視することによって、ソフトウェアの脆弱性を検出するテスト手法はどれか。,限界値分析,実験計画法,ファジング,ロードテスト,ウ,;
175,27,25,A社は、新規に量産販売する組込みシステムにB社が開発し市販しているOSを改造することなく搭載しようとしている。A社がB社から許諾を受けなければならないものはどれか。,再実施権,独占的使用権,複製権,翻案権,ウ,;
176,28,1,図に示すマルチプロセッサシステムにおいて、各MPUのキャッシュメモリの内容を正しく保つために、共有する主記憶の内容が変化したかどうかを監視する動作はどれか。,データハザード,バススヌープ,ライトスルー,ライトバック,イ,28-1;
177,28,2,キャッシュメモリのアクセス時間が主記憶のアクセス時間の1/30で、ヒット率が95%のとき、主記憶の実効アクセス時間は、主記憶のアクセス時間の約何倍になるか。,0.03,0.08,0.37,0.95,イ,;
178,28,3,画面表示用フレームバッファがユニファイドメモリ方式であるシステムの特徴はどれか。,主記憶とは別に専用のフレームバッファをもつ。,主記憶の一部を表示領域として使用する。,シリアル接続した表示デバイスに、描画コマンドを用いて表示する。,表示リフレッシュが不要である。,イ,;
179,28,4,PC (Inter-Integrated Circuit) バスの特徴として、適切なものはどれか。,2線式のシリアルインタフェースで複数のデバイスを接続する。,4線式のシリアルインタフェースで複数のデバイスを接続する。,低電圧差動伝送を採用して高速化したシリアルインタフェースである。,複数のレーンを束ねることによって高速化したシリアルインタフェースである。,ア,;
180,28,5,コンピュータと周辺装置とのデータ転送方式に関して、適切な記述はどれか。,SATA、PCI Express、USBのシリアル転送方式では、高速なデータ転送のために、データ線とは独立した専用のクロック信号線を使用している。,高速パラレル転送方式では、8b/10bエンコーディングなどの符号化方式によるエンベデッドクロックを採用している。,シリアル転送方式では、データは必ずLSB側から1ビットずつ順番に転送される。,パラレル転送方式では、転送クロックを高速化すると、データの各ビット間での信号到達タイミングの整合を取ることが困難になる。,エ,;
181,28,6,故障発生率が1.0×10^-6回／秒である機器10000台が稼働している。330時間経過後に、故障していない機器の平均台数に最も近いものはどれか。ここで、故障発生率は経過時間によらず一定で、故障した機器は修理しない。また、必要であれば、故障発生率をλ回／秒、稼働時間をt秒とする次の指数関数のグラフから値を読み取って、計算に使用してもよい。,3000,5000,7000,9000,ア,28-6;
182,28,7,リアルタイムシステムにおいて、アプリケーションタスクの要求によって入出力を行うデバイスドライバのタスク部が、要求された処理が完了したときに行う通知処理はどれか。,イベントフラグを使って入出力要求元のタスクに入出力完了を通知する。,セマフォを使ってOSに入出力完了を通知する。,ハードウェアに入出力完了を通知する。,メールボックスを介してOSに入出力完了を通知する。,ア,;
183,28,8,ほとんどのプログラムの大きさがページサイズの半分以下のシステムにおいて、ページサイズを半分にしたときに予想されるものはどれか。ここで、このシステムは主記憶が不足しがちで、多重度やスループットなどのシステム性能の限界で運用しているものとする。,ページサイズが小さくなるので、領域管理などのオーバヘッドが減少する。,ページ内に余裕がなくなるので、ページ置換えによってシステム性能が低下する。,ページ内の無駄な空き領域が減少するので、主記憶不足が緩和される。,ページフォールトの回数が増加するので、システム性能が低下する。,ウ,;
184,28,9,リアルタイムOSを用いたシステムにおいて、タスクAの優先度が最も低いとする。実行状態又は実行可能状態であるタスクがタスクAだけであるとき、電力の消費を抑えるためにタスクAで行う処理として、適切なものはどれか。,各タスクの状態を再チェックする。,休止命令を実行して割込みを待つ。,システムのログ情報を記録する。,何もしないループ処理を続ける。,イ,;
185,28,10,リアルタイムOSにおいて、タスクA〜Eの発生時刻、処理時間及び優先度が次のように定められている場合、タスクCの終了時刻はタスクAが発生してから何ミリ秒後となるか。ここで、優先度は1が最も高く、優先度の高いタスクが優先的に処理されるものとする。また、OSのオーバヘッドは考慮しないものとする。,25,30,35,40,ウ,28-10;
186,28,11,コンパイラによる最適化において、オブジェクトコードの所要記憶容量が削減できるものはどれか。,関数のインライン展開,定数の畳込み,ループ内不変式の移動,ループのアンローリング,イ,;
187,28,12,ブラシ付きDCモータの制御方式に関する記述のうち、適切なものはどれか。,PWM制御は、スイッチングノイズを発生することがある。,PWM制御は、制御周期が長いほど安定したモータ駆動ができる。,リニア制御は、PWM制御よりも電力損失が少ない。,リニア制御は、開ループでトルクを制御できる。,ア,;
188,28,13,FeRAMの説明として、適切なものはどれか。,1ビットのメモリセルは4〜6個のトランジスタで構成される。,データ保持のためにリフレッシュが必要である。,バイト単位で書換えができず、ブロック単位で一括して書き換える。,フラッシュメモリよりも書換え可能回数が多く、書換え速度も高速にできる。,エ,;
189,28,14,NAND素子を用いた次の組合せ回路の出力Zを表す式はどれか。ここで、論理式中の・は論理積、+は論理和、XはXの否定を表す。,X・Y,X+Y,X・Y,X+Y,イ,28-14;
190,28,15,PWM (パルス幅変調) で変調された信号をアナログ電圧として復調する回路はどれか。,,,,,ア,28-15;
191,28,16,マイコンの出力ボードに接続されたランプ回路を図に示す。ランプが点灯するのはどの場合か。,,,,,ア,28-16;
192,28,17,TCPヘッダとUDPヘッダの両方にあるフィールドはどれか。,宛先IPアドレス,コントロールフラグ（SYN、ACKなど）,シーケンス番号,チェックサム,エ,;
193,28,18,従量課金制のクラウドサービスにおける、EDoS (Economic Denial of Service、Economic Denial of Sustainability) 攻撃の説明はどれか。,カード情報の取得を目的に、金融機関が利用しているクラウドサービスに侵入する攻撃,課金回避を目的に、同じハードウェア上に構築された別の仮想マシンに侵入し、課金機能を利用不可にする攻撃,クラウドサービス利用者の経済的な損失を目的に、リソースを大量消費させる攻撃,パスワード解析を目的に、クラウド環境のリソースを悪用する攻撃,ウ,;
194,28,19,DNSサーバに格納されるネットワーク情報のうち、外部に公開する必要がない情報が攻撃者によって読み出されることを防止するための、プライマリDNSサーバの設定はどれか。,SOAレコードのシリアル番号を更新する。,外部のDNSサーバにリソースレコードがキャッシュされる時間を短く設定する。,ゾーン転送を許可するDNSサーバを限定する。,ラウンドロビン設定を行う。,ウ,;
195,28,20,図は、階層化されたDFDにおける、あるレベルのDFDの一部である。プロセス1を子プロセスに分割して詳細化したDFDのうち、適切なものはどれか。ここで、プロセス1の子プロセスは、プロセス1-1、1-2及び1-3とする。,,,,,イ,28-20;
196,28,21,組込みシステムにおけるハードウェアとソフトウェアのコデザインの説明として適切なものはどれか。,ハードウェアとソフトウェアの開発を独立して行い、それぞれの完了後に組み合わせて統合テストを行う手法,ハードウェアとソフトウェアの切分けをシミュレーションによって十分に検証し、その後もシミュレーションを活用しながらハードウェアとソフトウェアを並行して開発していく手法,ハードウェア開発をアウトソーシングし、ソフトウェア開発に注力することによって、短期間に高性能の製品を市場に出す手法,ハードウェアをプラットフォーム化し、主にソフトウェアで機能を差別化することによって、短期間に多数の製品ラインナップを構築する手法,イ,;
197,28,22,デザインパターンの一つであるObserverパターンを利用して実現できるもとはどれか。,あるオブジェクトの状態が変化したときに、それに依存する全てのオブジェクトに自動的に通知する。,ある機能をもつオブジェクトを新しいオブジェクトでラップし、動的に機能を拡張する。,あるクラスのインスタンスが一つしか存在しないことを保証する。,配列や集合のような実装の異なるコンテナに対し、同一のインタフェースでアクセスする。,ア,;
198,28,23,通信プロトコルの記述などに使用される表記法であり、事象の発生とそのときの状態に応じたシステムの動作を記述するのに、最も適したものはどれか。,DFD,決定表,状態遷移図,特性要因図,ウ,;
199,28,24,C言語で作成されたプログラム全体で使用するスタックフレームのサイズが、確保したサイズ内に収まっていることを検証したい。各関数が使用するスタックフレームのサイズ情報に加え、必要となる情報はどれか。,各関数が使用するレジスタの退避領域のサイズ,各関数が使用するローカル変数のサイズ,各関数の呼出し関係（呼出しツリー）,グローバル変数の合計サイズ,ウ,;
200,28,25,特許のサブライセンスの説明として、適切なものはどれか。,特許の実施権の許諾を受けた者が、開発した改良特許についての実施権を、当該特許の実施権を与えた者に許諾すること,特許の実施権の許諾を受けた者が、更に第三者に当該特許の実施権を許諾すること,特許の実施権の許諾を受けた者が、当該特許に関し第三者から訴えられ当該特許が無効となった場合、特許の実施権を許諾した者から金銭的な保証を受けること,特許の実施権の許諾を受けた者が、当該特許の実施権を独占的に行使すること,イ,;
201,29,1,スーパースカラの説明として、適切なものはどれか。,処理すべきベクトルの長さがベクトルレジスタよりも長い場合、ベクトルレジスタ長の組みに分割して処理を繰り返す方式である。,パイプラインを更に細分化することによって、高速化を図る方式である。,複数のパイプラインを用い、同時に複数の命令を実行可能にすることによって、高速化を図る方式である。,命令語を長く取り、一つの命令で複数の機能ユニットを同時に制御することによって、高速化を図る方式である。,ウ,;
202,29,2,内部割込みの要因として、適切なものはどれか。,DMA転送が完了した。,インターバルタイマが満了した。,演算がオーバフローした。,電源電圧の低下を検出した。,ウ,;
203,29,3,SLC（Single-Level Cell）型と比較したとき、MLC（Multi-Level Cell）型のフラッシュメモリの優れている点はどれか。,１セル当たりの書換え時間が短い。,１セル当たりの記憶容量が大きい。,書換え可能回数が多い。,データ保持期間が長い。,イ,;
204,29,4,PWM信号を用いて音声を出力するとき、次の図のaに該当するものはどれか。,A/D変換器,D/A変換器,ハイパスフィルタ,ローパスフィルタ,エ,29-4;
205,29,5,ZigBeeの説明として、適切なものはどれか。,携帯電話などのモバイル端末とヘッドセットなどの周辺機器とを接続するための近距離の無線通信として使われる。,赤外線を利用して実現される無線通信であり、テレビ、エアコンなどのリモコンに使われる。,低消費電力で低速の通信を行い、センサネットワークなどに使われる。,連絡用、業務用などに利用される小型の携帯型トランジーバに使われる。,ウ,;
206,29,6,コンピュータの性能評価には、シミューレーションを用いた方法や解析的な方法などがある。シミュレーションを用いた方法の特徴はどれか。,解析的な方法よりも計算量が少なく、効率的に解が求まる。,解析的な方法よりも、乱数を用いることで高精度の解が得られる。,解析的に解が求められないモデルに対しても、数値的に解が求まる。,解析的に解が求められるモデルの検証には使用できない。,ウ,;
207,29,7,Java EE（Java Platform、Enterprise Edition）の構成要素の一つはどれか。,EAI,JavaScript,Servlet,UDDI,ウ,;
208,29,8,ハッシュ表の理論的な探索時間を示すグラフはどれか。ここで、複数のデータが同じハッシュ値になることはないものとする。,,,,,エ,29-8;
209,29,9,プログラムを構成するモジュールや関数の実行回数、実行時間など、性能改善のための分析に役立つ情報を収集するツールはどれか。,エミュレータ,シミュレータ,デバッガ,プロファイラ,エ,;
210,29,10,Linuxの拡張モジュールであるSELinux（Security-Enhanced Linux）を使用することによって可能になることはどれか。,スーパユーザによるリソースへのアクセスを制限して、侵入された際の影響を最小限に抑える。,接続元や使用するポート番号を制限して、侵入を防ぐ。,通信文を暗号化して、盗聴を防ぐ。,ファイルを以前の状態と比較して、改ざんを検知する。,ア,;
211,29,11,図に示すPLLがロック状態の場合、出力周波数foutを基準周波数frefで表したものはどれか。ここで、分周器の分周比はNとする。,fref/N,N/fref,1/Nfref,Nfref,エ,29-11;
212,29,12,マイコンに内蔵されたD/Aコンバータの出力電圧Voutは、次の式で表される。
　Vout ＝ (N/2^n) × Vref
N、nの組合せとして、適切なものはどれか。ここで、Vrefは基準電圧とする。,,,,,イ,29-12;
213,29,13,図の2相パルスを出力するインクリメンタル型ロータリエンコーダがある。１回転当たりの出力パルス数を90パルスとするとき、分解能は何度か。ここで、A相とB相は位相が90度ずれているものとする。,1,2,3,4,ア,29-13;
214,29,14,マイクロプロセッサの耐タンパ性を向上させる手段として、適切なものはどれか。,ESD（Electrostatic Discharge）に対する耐性を強化する。,チップ検査終了後に検査用パッドを残しておく。,チップ内部を物理的に解析しようとすると、内部回路が破壊されるようにする。,内部メモリの物理アドレスを整然と配置する。,ウ,;
215,29,15,マイコンに供給するクロックとシリアル通信ポートに使用するクロックを共用するマイコンシステムがある。クロックを2n分の１に分周するだけで57.6kビット／秒の通信速度を得るためには、マイコンに供給するクロックを何MHzにするのが最も適切か。ここで、シリアル通信ポートのクロックの精度は5%以内に収まればよいものとする。,52,60,66,72,イ,29-15;
216,29,16,エネルギーハーベスティング（環境発電）に用いられる熱電変換素子の説明として、適切なものはどれか。,自然光や人工光のエネルギーを、光起電力効果によって電気エネルギーに変換する。,ゼーベック効果によって、温度差から電気エネルギーを発生する。,素子に照射される赤外線エネルギーの変化を、焦電効果によって検出する。,ピエゾ効果によって、振動などの機械的エネルギーから電気エネルギーを発生する。,イ,;
217,29,17,１台のクライアントと１台のサーバとの間でのFTPを用いたファイル転送では、二つのコネクションを用いてデータ転送を行う。これらのコネクションの説明として、適切なものはどれか。,二つのコネクションはデータ転送用と受領応答用に分かれており、高速な転送を行うことが可能である。,二つのコネクションはデータ転送用と制御用に分かれており、データ転送中でも制御コマンドを送信することが可能である。,二つのコネクションはデータ転送用とチェックデータ転送用に分かれており、信頼性を向上させることが可能である。,二つのコネクションはバイナリデータ転送用とテキストデータ転送用に分かれており、バイナリデータとテキストデータを効率的に転送することが可能である。,イ,;
218,29,18,共通鍵暗号方式において、100人の送受信者のそれぞれが、相互に暗号化通信を行うときに必要な共通鍵の総数は幾つか。,200,4950,9900,10000,イ,;
219,29,19,TLSに関する記述のうち、適切なものはどれか。,TLSで使用するWebサーバのディジタル証明書にはIPアドレスの組込みが必須なので、WebサーバのIPアドレスを変更する場合は、ディジタル証明書を再度取得する必要がある。,TLSで使用する個人認証用のディジタル証明書は、ICカードなどに格納できるので、格納場所を特定のPCに限定する必要はない。,TLSはWebサーバを経由して特定の利用者が通信するためのプロトコルであり、Webサーバへの事前の利用者登録が不可欠である。,日本国内では、TLSで使用する共通鍵の長さは、128ビット未満に制限されている。,イ,;
220,29,20,操作に不慣れな人も利用するシステムでは、間違ったデータが入力されることがエラーメッセージを表示して次の操作を促すような設計を何というか。,フールプルーフ,フェールセーフ,フェールソフト,フォールトトレランス,ア,;
221,29,21,ソフトウェア開発・保守においてリポジトリを構築する理由として、最も適切なものはどれか。,各工程で検出した不良を管理することが可能になり、ソフトウェアの品質分析が容易になる。,各工程での作業手順を定義することが容易になり、開発時・保守時の作業ミスを防止することができる。,各工程での作業予定と実績を関連付けて管理することが可能になり、作業の進捗管理が容易になる。,各工程での成果物を一元管理することによって、開発作業・保守作業の効率が良くなり、用語の統一もできる。,エ,;
222,29,22,ヒューマンインタフェースをもつシステムにおいて、機能とヒューマンインタフェースの相互依存を弱めることによって、修正性や再利用性を向上させることを目的としたアーキテクチャパターンはどれか。,MVC,イベントシステム,マイクロカーネル,レイヤ,ア,;
223,29,23,システム及びソフトウェア品質モデルの規格であるJIS X 25010:2013によれば、システム及び／又はソフトウェア製品の品質特性の定義のうち、性能効率性の定義はどれか。,意図した保守者によって、製品又はシステムが修正することができる有効性及び効率性の度合い,明記された状態（条件）で使用する資源の量に関係する性能の度合い,明示された時間帯で、明示された条件下に、システム、製品又は構成要素が明示された機能を実行する度合い,明示された条件下で使用するとき、明示的ニーズ及びニーズを満足させる機能を、製品又はシステムが提供する度合い,イ,;
224,29,24,自動車分野の機能安全規格ISO 26262においてテスト指標として用いられるC1カバレージの説明として、適切なものはどれか。,最初にターゲットとする顧客ユースケースのテスト範囲,プログラムの分岐網羅率,保証する動作温度範囲,ユーザの振舞いや外部仕様を基にしたテスト,イ,;
225,29,25,マッシュアップを利用してWebコンテンツを表示している例として、最も適切なものはどれか。,Webブラウザにプラグインを組み込み、動画やアニメーションを表示する。,地図上のカーソル移動に伴い、Webページを切り替えずにスクロール表示する。,鉄道経路の探索結果上に、各鉄道会社のWebページへのリンクを表示する。,店舗案内のWebページ上に、他のサイトが提供する地図検索機能を利用して出力された情報を表示する。,エ,;
226,30,1,メモリマップド I/O の I/O ポートにアクセスするプログラムをC言語で記述するときの注意点として、適切なものはどれか。,アセンブラの IN/OUT 命令を用いたアクセス用関数を呼び出して、アクセスする。,コンパイラによる最適化を抑止するために、volatile 型修飾子を付けて宣言した変数へのポインタとしてアドレスを指定して、アクセスする。,他の関数からアクセスされるのを防ぐために、静的広域変数として宣言してアクセスする。,ポインタではアクセスできないので、配列として実体を宣言してアクセスする。,イ,;
227,30,2,図に示すマルチプロセッサシステムにおいて、各 MPU のキャッシュメモリの内容を正しく保つために、共有する主記憶の内容が変化したかどうかを監視する動作はどれか。,データハザード,バススヌープ,ライトスルー,ライトバック,イ,30-2;
228,30,3,8ビットの方向レジスタ及びデータレジスタで構成される IO ポートがあり、各ビ ットに LED が一つずつ負論理で接続されている。システム起動時に LED の不要な点灯を避けるための手続として、適切なものはどれか。ここで、レジスタに書き込 む値は 16進数で表現している。,データレジスタに 00 を書き込んでから、方向レジスタに FF を書き込む。,データレジスタに FF を書き込んでから、方向レジスタに FF を書き込む。,方向レジスタに FF を書き込んでから、データレジスタに 00 を書き込む。,方向レジスタに FF を書き込んでから、データレジスタに FF を書き込む。,イ,30-3;
229,30,4,JTAG(IEEE 1149.1)の説明として、適切なものはどれか。,組合せ回路のテスト生成方式,テストプローブを用いた導通テストの方法,バウンダリスキャンテストの標準方式,ビルトインセルフテストの方式,ウ,;
230,30,5,コンピュータと周辺装置とのデータ転送方式に関する記述として、適切なものはどれか。,SATA、PCI Express、USB のシリアル転送方式では、高速なデータ転送のために、データ線とは独立した専用のクロック信号線を使用している。,高速パラレル転送方式では、8b/10b エンコーディングなどの符号化方式によるエンベデッドクロックを採用している。,シリアル転送方式では、データは必ず LSB 側から1ビットずつ順番に転送される。,パラレル転送方式では、転送クロックを高速化すると、データの各ビット間での信号到達タイミングの整合を取ることが困難になる。,エ,;
231,30,6,Web システムにおいて、ロードバランサ(負荷分散装置)が定期的に行っているアプリケーションレベルの稼働監視に関する記述として、最も適切なものはどれか。,Web サーバで OS のコマンドを実行し、その結果が正常かどうかを確認する。,Web サーバの特定の URL にアクセスし、その結果に含まれる文字列が想定値と一致するかどうかを確認する。,Web サーバの特定のポートに対して接続要求パケットを発行し、確認応答パケットが返ってくるかどうかを確認する。,ネットワークの疎通を確認するコマンドを実行し、Web サーバから応答が返ってくるかどうかを確認する。,イ,;
232,30,7,スレッドとプロセスに関する記述のうち、適切なものはどれか。,スレッドとプロセスは同一のアドレス空間で実行され、スレッドとプロセスの間でコンテキストの切替えが高速に行われる。,スレッドはプロセスのサブルーチンとして、プロセスとは別のアドレス空間で実行される。,同一アドレス空間に含まれている各スレッドは、プロセスと共通のスタックとコンテキストをもつ。,同一アドレス空間に含まれているスレッド間の通信は、プロセス間の通信と比較して効率的に行われる。,エ,;
233,30,8,セマフォに関する記述のうち、適切なものはどれか。,V 操作は、待ち状態のプロセスがあれば、そのプロセスを一つ実行可能状態へ移す。,あるセマフォに対してP操作を行うためには、それに先立ってV操作が実行されていなければならない。,同一のセマフォに対して、V操作を連続して実行することはできない。,一つのプログラム内では、同時に使用できるセマフォの数は一つだけである。,ア,;
234,30,9,リアルタイム OS で用いられる、タスクがデッドラインを必ず守るデッドラインスケジューリングでは、周期タスクを図のように次の四つのパラメタ r、C、D、T (0 < x + C ≦ D ≦T )の組みで表現することができる。
二つのタスク X、Yをy = 0、D=Tという条件下で生成した場合、スケジュール が可能となる C、Dの組合せはどれか。ここで、タスクは X、Y の順に起動され、優先度はX の方が高い。また、スケジューリングはプリエンプティブ方式であり、OSのオーバヘッドは考慮しない。,,,,,イ,30-9;
235,30,10,優先度に基づくプリエンプティブなスケジューリングを行うリアルタイム OS において、タスクの優先度逆転が発生する可能性があるのはどれか。,排他制御,ポーリング,リエントラント,割込み,ア,;
236,30,11,分散開発環境において、各開発者のローカル環境に全履歴を含んだ中央リポジトリの完全な複製をもつことによって、中央リポジトリにアクセスできないときでも履歴の調査や変更の記録を可能にする、バージョン管理ツールはどれか。,Apache Subversion,CVS,Git,RCS,ウ,;
237,30,12,NAND 素子を用いた次の組合せ回路の出力 Z を表す式はどれか。ここで、論理式中の“.” は論理積、“+”は論理和、“X” はXの否定を表す。,X・Y,X＋Y,X・Y,X＋Y,イ,30-12;
238,30,13,図に示すマトリクススイッチにおいて、キーセンスを行うときのポートの機能と動作の組合せとして、適切なものはどれか。,,,,,ウ,30-13;
239,30,14,位置決めセンサに用いるインクリメンタルエンコーダの特徴はどれか。,回転方向を知るために出力信号が2相になっている。,機械的位置の絶対値をアナログ電圧で出力する。,機械的位置の変化量をアナログ電圧で出力する。,内部に機械的位置の絶対値を保持する機能を備えている。,ア,;
240,30,15,プログラムと定数をROMから読み出すために、アドレスバスとチップセレクト信号(CS)を図のように接続した。アドレスバスはA0がLSBである。このROMにアクセスできるメモリアドレスの範囲はどれか。ここで、解答群の数値は16進数で表記してある。,0000 ～ FFFF,4000 ～ 7FFF,4000 ～ FFFF,C000 ～ FFFF,ウ,30-15;
241,30,16,マイコンの出力ポートに接続されたランプ回路を図に示す。ランプが点灯するのはどの場合か。,,,,,ア,30-16;
242,30,17,サーバの負荷分散に使われる DNS ラウンドロビンに関する記述のうち、適切なものはどれか。,DNS において、一つの IPアドレスに対して複数のサーバ名を割り当てることによって実現する。,DNS において、一つのサーバ名に対して複数のサーバのIPアドレスを割り当てることによって実現する。,接続先サーバがダウンしている場合は、DNS がサーバのダウンを検知して、他のサーバに接続先を変える。,接続先サーバの負荷の状況によって、DNS が接続先を変えることができる。,イ,;
243,30,18,暗号機能を実装した IoT において脅威となるサイドチャネル攻撃に該当するものはどれか。,暗号化関数を線形近似する式を導き、その線形近似式から秘密情報の取得を試みる。,装置が発する電磁波を測定することによって秘密情報の取得を試みる。,二つの平文の差とそれぞれの暗号文の差の関係から、秘密情報の取得を試みる。,理論的にあり得る ID とパスワードの組合せの全てを適用して秘密情報の取得を試みる。,イ,;
244,30,19,暗号方式のうち、共通鍵暗号方式はどれか。,AES,ElGamal暗号,RSA,楕円曲線暗号,ア,;
245,30,20,FPGA の設計フローとして、適切なものはどれか。,機能の記述 → 配置配線 → 論理合成,機能の記述 → 論理合成 → 配置配線,配置配線 → 論理合成 → 機能の記述,論理合成 → 機能の記述 → 配置配線,イ,;
246,30,21,MISRA-C の説明として、適切なものはどれか。,オブジェクト指向の機能をもち、スマートフォンの開発などに使用されている、C言語の上位互換言語,可変長配列、複素数型などをサポートする、ISO が制定したC言語の規格,協調設計(コデザイン)でシステムをシミュレートするために使用する、C++を利用したシステム記述言語,車載システムの品質向上を目的に制定された、C言語実装法のガイドライン,エ,;
247,30,22,ホワイトボックステストのテストケースを設計する際に使用する技法はどれか。,原因・結果グラフ,限界値分析,条件網羅,同値分割,ウ,;
248,30,23,学生レコードを処理するプログラムをテストするために、実験計画法を用いてテストケースを決定する。学生レコード中のデータ項目(学生番号、科目コード、得 点)はそれぞれ二つの状態をとる。テスト対象のデータ項目から任意に二つのデー タ項目を選んだとき、二つのデータ項目がとる状態の全ての組合せが必ず同一回数 ずつ出現するように基準を設けた場合に、次の8件のテストケースの候補から、最少で幾つを採択すればよいか。,2,3,4,6,ウ,30-23;
249,30,24,ソフトウェアライフサイクルプロセスにおいて、ソフトウェア支援プロセスの一つであるソフトウェア検証プロセスの目的はどれか。,選ばれた製品及びプロセスが、該当する要求事項、計画及び合意に対して、適合しているかどうかを独立に決定すること,作業成果物及びプロセスがあらかじめ定義された条件及び計画に従っていることを保証すること,ソフトウェア作業成果物の特定の意図された用途に対する要求事項が満たされていることを確認すること,プロセス又はプロジェクトのそれぞれのソフトウェア作業成果物及び/又はソフトウェアサービスが指定の要求事項を適切に反映していることを確認すること,エ,;
250,30,25,組込みシステムの特許におけるライセンスに関する記述として、適切なものはどれか。,新規開発した組込み製品のハードウェア部分だけが、他社の特許に抵触している場合、その部分のライセンスを得ずに販売すると権利侵害になる。,他社の特許がハードウェアとソフトウェアの両方を権利範囲に含む場合、ハードウェア部分のライセンスを得れば、ソフトウェア部分は模倣して製品化できる。,ハードウェア部分の特許とソフトウェア部分の特許をそれぞれ異なる会社が保有している場合、ライセンスを得て製品化することはできない。,ハードウェア部分の特許のライセンスを得て、ソフトウェア部分だけは社内で独自に新規開発した場合、このソフトウェアを特許出願することはできない。,ア,;
251,31,1,プロセッサの省電力技術の一つであるパワーゲーティングの説明として、適切なものはどれか。,仕事量に応じて、プロセッサへ供給する電源電圧やクロック周波数を変える。,動作していない回路ブロックへのクロック供給を停止する。,動作していない回路ブロックへの電源供給を遮断する。,マルチコアプロセッサにおいて、使用しないコアの消費電力枠を、動作しているコアに割り当てる。,ウ,;
252,31,2,MLC (Multi-Level Cell) フラッシュメモリの特徴として、適切なものはどれか。,コンデンサに蓄えた電荷を用いて、データを記憶する。,電気抵抗の値を用いて、データを記憶する。,一つのメモリセルに2ビット以上のデータを記憶する。,フリップフロップを利用して、データを記憶する。,ウ,;
253,31,3,メモリインタリーブの説明として、適切なものはどれか。,CPU から主記憶へのアクセスを高速化するために、キャッシュメモリと主記憶との両方に同時にデータを書き込む。,CPU から主記憶へのアクセスを高速化するために、主記憶内部を複数のバンクに分割し、各バンクを並列にアクセスする。,CPU と主記憶のアクセス速度の違いによるボトルネックを解消するために、高速かつ小容量のメモリを配置する。,パイプライン処理を乱す要因をなくすために、キャッシュメモリを命令用とデータ用の二つに分離する。,イ,;
254,31,4,回転数が 4200回/分で、平均位置決め時間が5ミリ秒の磁気ディスク装置がある。この磁気ディスク装置の平均待ち時間は約何ミリ秒か。ここで、平均待ち時間は、平均位置決め時間と平均回転待ち時間の合計である。,7,10,12,14,ウ,;
255,31,5,15Mバイトのプログラムを圧縮して、フラッシュメモリに格納している。プログラムのサイズは圧縮によって元のサイズの40%になっている。フラッシュメモリから主記憶への転送速度が20Mバイト/秒であり、1Mバイトに圧縮されたデータの展開に主記憶上で0.03秒が掛かるとき、このプログラムが主記憶に展開されるまでの時間は何秒か。ここで、フラッシュメモリから主記憶への転送と圧縮データの展開は同時には行われないものとする。,0.48,0.75,0.93,1.20,ア,;
256,31,6,故障発生率が1.0×10^-6回/秒である機器10000台が稼働している。330時間経過後に、故障していない機器の平均台数に最も近いものはどれか。ここで、故障発生率は経過時間によらず一定で、故障した機器は修理しない。また、必要であれば、故障発生率を2回/秒、稼働時間をt秒とする次の指数関数のグラフから値を読み取って、計算に使用してよい。,3000,5000,7000,9000,ア,31-6;
257,31,7,RTOS を用いたシステムにおいて、優先度逆転の原因となるものはどれか。,優先度の高いタスク A が優先度の低いタスク B の実行に必要なリソースを占有しているが、タスク B はタスク Aに必要なリソースを占有していない。,優先度の低いタスク B が優先度の高いタスク A の実行に必要なリソースを占有しているが、タスク A はタスク Bに必要なリソースを占有していない。,優先度の低いタスク B と優先度の高いタスク A が、互いに他タスクが必要なリソースを占有し合いデッドロックとなっている。,優先度の低いタスク B のクリティカルセクション実行中は、他の処理に対して割込み禁止の排他制御を行う。,イ,;
258,31,8,セマフォの基本操作である P 操作、V 操作に関する記述のうち、適切なものはどれか。ここで、セマフォ変数は事象の数を表すものとし、初期値は1とする。,P操作とV操作は交互に行わなければならない。,P操作は資源のロック、V 操作は資源のアンロックを実現するのに使用できる。,P操作は事象の発生通知、V操作は事象の待合せに用いられる。,P操作はセマフォ変数の値を増加させ、V操作は減少させる。,イ,;
259,31,9,ほとんどのプログラムの大きさがページサイズの半分以下のシステムにおいて、ページサイズを半分にしたときに予想されるものはどれか。ここで、このシステム は主記憶が不足しがちで、多重度やスループットなどはシステム性能の限界で運用しているものとする。,ページサイズが小さくなるので、領域管理などのオーバヘッドが減少する。,ページ内に余裕がなくなるので、ページ置換えによってシステム性能が低下する。,ページ内の無駄な空き領域が減少するので、主記憶不足が緩和される。,ページフォールトの回数が増加するので、システム性能が低下する。,ウ,;
260,31,10,ページング方式の仮想記憶において、ページ置換えアルゴリズムに LRU 方式を採用した場合、ページの参照順序が 1、2、3、2、3、1、4、2、4、3、1 であるプログ ラムを実行するとき、ページの読込みは何回発生するか。ここで、主記憶のページ 枠は3で、初期状態では主記憶にどのページも存在しないものとする。,4,5,6,7,エ,;
261,31,11,コンパイラによる最適化において、オブジェクトコードの所要記憶容量が削減できるものはどれか。,関数のインライン展開,定数の畳み込み,ループ内不変式の移動,ループのアンローリング,イ,;
262,31,12,アドレス線が10本で、1Mワードの容量をもつDRAMがある。リフレッシュのためにDRAM内の全ROWアドレスを51.2ミリ秒の間に少なくとも1回は選択する必要がある。このときの平均リフレッシュ周期は何マイクロ秒か。,0.049,12.8,50,2560,ウ,;
263,31,13,SoCを構成するための部分回路情報で、機能単位にまとめられるものをIPコアと呼ぶ。このIPコアの説明として、適切なものはどれか。,Pコアは、SoC構成要素のアナログ回路だけを対象としている。,IPコアは、動作が確認されているので検証の必要がない。,IPコアは、どの半導体製造プロセス技術でも自由に使うことが可能である。,IPコアを利用することによって、SoC全体を一から設計するよりも開発期間を短縮できる。,エ,;
264,31,14,SRAM 型のFPGAの特徴として、適切なものはどれか。,回路の書換えが高速に行え、書換え回数に制限がない。,電源投入時に毎回コンフィギュレーションする必要がない。,論理ブロック間の接続にはアンチヒューズが使用され、高速動作が可能である。,論理ブロック内は AND ゲートと OR ゲートのアレイ構造である。,ア,;
265,31,15,表のインターバルタイマを用いて約 20 ミリ秒ごとにタイマ割込みを発生させたいとき、16 ビットタイマコンペアレジスタに設定する値は 10 進数で幾つか。ここで、システムクロックは 32 MHz とする。,1,19,1999,19999,エ,31-15;
266,31,16,TTL レベルの2入力 AND 回路を3入力 AND 回路にするために入力部に回路を追加した。 3入力 AND回路として、適切なものはどれか。,,,,,ウ,31-16;
267,31,17,1台のクライアントと1台のサーバとの間での FTP を用いたファイル転送では、二つのコネクションを用いてデータ転送を行う。これらのコネクションの説明とし
て、適切なものはどれか。,二つのコネクションはデータ転送用と受領応答用に分かれており、高速な転送を行うことが可能である。,二つのコネクションはデータ転送用と制御用に分かれており、データ転送中でも制御コマンドを送信することが可能である。,二つのコネクションはデータ転送用とチェックデータ転送用に分かれており、信頼性を向上させることが可能である。,二つのコネクションはバイナリデータ転送用とテキストデータ転送用に分かれており、バイナリデータとテキストデータを効率的に転送することが可能である。,イ,;
268,31,18,共通鍵暗号方式において、100人の送受信者のそれぞれが、相互に暗号化通信を行うときに必要な共通鍵の総数は幾つか。,200,950,9900,10000,イ,;
269,31,19,SAML(Security Assertion Markup Language)の説明はどれか。,Web サーバにある利用者のリソースに、Web サーバに限らない他のサーバが利用者に代わってアクセスすることを許可するための認証プロトコル,異なるインターネットドメイン間で利用者情報を共有してシングルサインオンに利用するための、XML をベースにした標準規格,利用者 ID として URL 又は XRI(Extensible Resource Identifier)だけを使用することができ、一つの利用者 ID で様々なWebサイトにログインできる仕組み,利用者が文書やデータの属性情報や論理構造を定義する言語であるSGMLを、インターネット用に最適化したもの,イ,;
270,31,20,IoT の要素技術の一つである SoC の開発に関する記述のうち、適切なものはどれか。,全て検証済みの IP モジュールを用いるので、システム検証をすることなく開発,設計、製造に要する期間が、汎用部品を組み合わせて設計、製造するシステム,チップの性能の向上をしやすくするために、CPU は必ず外付けになるように開発する。,ワンチップで実現しているので、小型で低消費電力のシステムを開発することができる。,エ,;
271,31,21,C 言語で作成されたプログラム全体で使用するスタックフレームのサイズが、確保したサイズ内に収まっていることを検証したい。各関数が使用するスタックフレームのサイズ情報に加え、必要となる情報はどれか。,各関数が使用するレジスタの退避領域のサイズ,各関数が使用するローカル変数のサイズ,各関数の呼出し関係(呼出しツリー),グローバル変数の合計サイズ,ウ,;
272,31,22,組込みソフトウェア開発を行うために、ターゲットシステム上で未完成の周辺ハードウェアが正しく動作しているようにエミュレーションするデバイスドライバを開発した。このデバイスドライバのソフトウェアテストにおける役割はどれか。,CPU シミュレータ,インサーキットエミュレータ,仮想デバイスドライバ,スタブ,エ,;
273,31,23,ソフトウェアのテスト手法のうち、ファジングはどれか。,テスト対象に問題を引き起こす可能性があるデータを大量に送り込み、その応答や挙動を監視することによって脆弱性を検出する。,テスト対象の振る舞いを状態遷移表で整理し、発生し得る遷移をテストする。,同値分割で得られた、同値クラスの境界となる値、及びその前後の値を明らかにして、それらをテストデータとする。,プログラムの処理経路を網羅するようにテストを実施し、正しく動作することを検証する。,ア,;
274,31,24,サブルーチンへの引数の受渡し方のうち、引数として渡した変数の値が、サブルーチンの実行後に変更されないことが保証されているものはどれか。,値呼出し,結果呼出し,参照呼出し,名前呼出し,ア,;
275,31,25,A社は、保有する特許の専用実施権を、組込み機器システムを開発して販売するB社に許諾した。A社又はB社が受ける制限に関する説明のうち、適切なものはどれか。ここで、B社の専用実施権は特許原簿に設定登録されるものとする。,A社は、許諾した権利の範囲において当該特許を使用できなくなる。,A社は、B社に許諾したものと同じ範囲でしか、B社以外には専用実施権を許諾することができない。,B社は、A社と競合する自社の組込み機器システムの販売を止めなくてはならない。,B社はA社の特許を使うB社の組込み機器システムの独占販売権を、A社に対し与えなくてはならない。,ア,